PERSON_ID,DISPLAY_LAST_COMMA_FIRST,DISPLAY_FIRST_LAST,ROSTERSTATUS,FROM_YEAR,TO_YEAR,PLAYERCODE,TEAM_ID,GAMES_PLAYED_FLAG
949,"Abdur-Rahim, Shareef",Shareef Abdur-Rahim,0,1996,2007,shareef_abdur-rahim,0,Y
101165,"Acker, Alex",Alex Acker,0,2005,2008,alex_acker,0,Y
203112,"Acy, Quincy",Quincy Acy,1,2012,2015,quincy_acy,1610612758,Y
200801,"Adams, Hassan",Hassan Adams,0,2006,2008,hassan_adams,0,Y
203919,"Adams, Jordan",Jordan Adams,1,2014,2015,jordan_adams,1610612763,Y
203500,"Adams, Steven",Steven Adams,1,2013,2015,steven_adams,1610612760,Y
202399,"Adrien, Jeff",Jeff Adrien,0,2010,2014,jeff_adrien,0,Y
201167,"Afflalo, Arron",Arron Afflalo,1,2007,2015,arron_afflalo,1610612752,Y
200772,"Ager, Maurice",Maurice Ager,0,2006,2010,maurice_ager,0,Y
201336,"Ahearn, Blake",Blake Ahearn,0,2007,2011,blake_ahearn,0,Y
201582,"Ajinca, Alexis",Alexis Ajinca,1,2008,2015,alexis_ajinca,1610612740,Y
203006,"Akognon, Josh",Josh Akognon,0,2012,2012,josh_akognon,0,Y
202374,"Alabi, Solomon",Solomon Alabi,0,2010,2011,solomon_alabi,0,Y
203128,"Aldemir, Furkan",Furkan Aldemir,0,2014,2014,furkan_aldemir,0,Y
202332,"Aldrich, Cole",Cole Aldrich,1,2010,2015,cole_aldrich,1610612746,Y
200746,"Aldridge, LaMarcus",LaMarcus Aldridge,1,2006,2015,lamarcus_aldridge,1610612759,Y
1626146,"Alexander, Cliff",Cliff Alexander,1,2015,2015,cliff_alexander,1610612757,Y
201570,"Alexander, Joe",Joe Alexander,0,2008,2009,joe_alexander,0,Y
202730,"Allen, Lavoy",Lavoy Allen,1,2011,2015,lavoy_allen,1610612754,Y
2124,"Allen, Malik",Malik Allen,0,2001,2010,malik_allen,0,Y
951,"Allen, Ray",Ray Allen,0,1996,2013,ray_allen,0,Y
2754,"Allen, Tony",Tony Allen,1,2004,2015,tony_allen,1610612763,Y
200984,"Allred, Lance",Lance Allred,0,2007,2007,lance_allred,0,Y
201165,"Almond, Morris",Morris Almond,0,2007,2011,morris_almond,0,Y
1747,"Alston, Rafer",Rafer Alston,0,1999,2009,rafer_alston,0,Y
202329,"Aminu, Al-Farouq",Al-Farouq Aminu,1,2010,2015,al-farouq_aminu,1610612757,Y
200811,"Amundson, Lou",Lou Amundson,1,2006,2015,lou_amundson,1610612752,Y
2365,"Andersen, Chris",Chris Andersen,1,2001,2015,chris_andersen,1610612763,Y
2431,"Andersen, David",David Andersen,0,2009,2010,david_andersen,0,Y
101187,"Anderson, Alan",Alan Anderson,1,2005,2015,alan_anderson,1610612764,Y
202079,"Anderson, Antonio",Antonio Anderson,0,2009,2009,antonio_anderson,0,Y
1507,"Anderson, Derek",Derek Anderson,0,1997,2007,derek_anderson,0,Y
202341,"Anderson, James",James Anderson,1,2010,2015,james_anderson,1610612758,Y
1626147,"Anderson, Justin",Justin Anderson,1,2015,2015,justin_anderson,1610612742,Y
203937,"Anderson, Kyle",Kyle Anderson,1,2014,2015,kyle_anderson,1610612759,Y
201583,"Anderson, Ryan",Ryan Anderson,1,2008,2015,ryan_j_anderson,1610612740,Y
203507,"Antetokounmpo, Giannis",Giannis Antetokounmpo,1,2013,2015,giannis_antetokounmpo,1610612749,Y
203648,"Antetokounmpo, Thanasis",Thanasis Antetokounmpo,1,2015,2015,thanasis_antetokounmpo,1610612752,Y
2546,"Anthony, Carmelo",Carmelo Anthony,1,2003,2015,carmelo_anthony,1610612752,Y
201202,"Anthony, Joel",Joel Anthony,1,2007,2015,joel_anthony,1610612765,Y
203544,"Antic, Pero",Pero Antic,0,2013,2014,pero_antic,0,Y
203951,"Appling, Keith",Keith Appling,0,2015,2015,keith_appling,0,Y
2240,"Arenas, Gilbert",Gilbert Arenas,0,2001,2011,gilbert_arenas,0,Y
2772,"Ariza, Trevor",Trevor Ariza,1,2004,2015,trevor_ariza,1610612745,Y
353,"Armstrong, Darrell",Darrell Armstrong,0,1994,2007,darrell_armstrong,0,Y
200756,"Armstrong, Hilton",Hilton Armstrong,0,2006,2013,hilton_armstrong,0,Y
2306,"Arroyo, Carlos",Carlos Arroyo,0,2001,2010,carlos_arroyo,0,Y
201589,"Arthur, Darrell",Darrell Arthur,1,2008,2015,darrell_arthur,1610612743,Y
201600,"Asik, Omer",Omer Asik,1,2010,2015,omer_asik,1610612740,Y
1088,"Atkins, Chucky",Chucky Atkins,0,1999,2009,chucky_atkins,0,Y
201571,"Augustin, D.J.",D.J. Augustin,1,2008,2015,dj_augustin,1610612743,Y
200788,"Augustine, James",James Augustine,0,2006,2007,james_augustine,0,Y
202970,"Ayon, Gustavo",Gustavo Ayon,0,2011,2013,gustavo_ayon,0,Y
201965,"Ayres, Jeff",Jeff Ayres,1,2009,2015,jeff_ayres,1610612746,Y
101235,"Azubuike, Kelenna",Kelenna Azubuike,0,2006,2011,kelenna_azubuike,0,Y
203569,"Babb, Chris",Chris Babb,0,2013,2014,chris_babb,0,Y
202337,"Babbitt, Luke",Luke Babbitt,1,2010,2015,luke_babbitt,1610612740,Y
203946,"Bairstow, Cameron",Cameron Bairstow,1,2014,2015,cameron_bairstow,1610612741,Y
200764,"Balkman, Renaldo",Renaldo Balkman,0,2006,2011,renaldo_balkman,0,Y
2556,"Banks, Marcus",Marcus Banks,0,2003,2010,marcus_banks,0,Y
2571,"Barbosa, Leandro",Leandro Barbosa,1,2003,2015,leandro_barbosa,1610612744,Y
200826,"Barea, Jose Juan",Jose Juan Barea,1,2006,2015,jose_barea,1610612742,Y
200745,"Bargnani, Andrea",Andrea Bargnani,0,2006,2015,andrea_bargnani,0,Y
203084,"Barnes, Harrison",Harrison Barnes,1,2012,2015,harrison_barnes,1610612744,Y
2440,"Barnes, Matt",Matt Barnes,1,2002,2015,matt_barnes,1610612763,Y
2857,"Barrett, Andre",Andre Barrett,0,2004,2007,andre_barrett,0,Y
2853,"Barron, Earl",Earl Barron,0,2005,2014,earl_barron,0,Y
699,"Barry, Brent",Brent Barry,0,1995,2008,brent_barry,0,Y
203115,"Barton, Will",Will Barton,1,2012,2015,will_barton,1610612743,Y
101138,"Bass, Brandon",Brandon Bass,1,2005,2015,brandon_bass,1610612747,Y
1766,"Baston, Maceo",Maceo Baston,0,2002,2008,maceo_baston,0,Y
1499,"Battie, Tony",Tony Battie,0,1997,2011,tony_battie,0,Y
2203,"Battier, Shane",Shane Battier,0,2001,2013,shane_battier,0,Y
201587,"Batum, Nicolas",Nicolas Batum,1,2008,2015,nicolas_batum,1610612766,Y
201573,"Bayless, Jerryd",Jerryd Bayless,1,2008,2015,jerryd_bayless,1610612749,Y
203382,"Baynes, Aron",Aron Baynes,1,2012,2015,aron_baynes,1610612765,Y
203145,"Bazemore, Kent",Kent Bazemore,1,2012,2015,kent_bazemore,1610612737,Y
203078,"Beal, Bradley",Bradley Beal,1,2012,2015,bradley_beal,1610612764,Y
201563,"Beasley, Michael",Michael Beasley,1,2008,2015,michael_beasley,1610612745,Y
201958,"Beaubois, Rodrigue",Rodrigue Beaubois,0,2009,2012,rodrigue_beaubois,0,Y
201158,"Belinelli, Marco",Marco Belinelli,1,2007,2015,marco_belinelli,1610612758,Y
2294,"Bell, Charlie",Charlie Bell,0,2001,2010,charlie_bell,0,Y
1952,"Bell, Raja",Raja Bell,0,2000,2011,raja_bell,0,Y
1886,"Bender, Jonathan",Jonathan Bender,0,1999,2009,jonathan_bender,0,Y
203968,"Benimon, Jerrelle",Jerrelle Benimon,0,2014,2014,jerrelle_benimon,0,Y
203461,"Bennett, Anthony",Anthony Bennett,0,2013,2015,anthony_bennett,0,Y
202728,"Benson, Keith",Keith Benson,0,2011,2011,keith_benson,0,Y
201976,"Beverley, Patrick",Patrick Beverley,1,2012,2015,patrick_beverley,1610612745,Y
204021,"Bhullar, Sim",Sim Bhullar,0,2014,2014,sim_bhullar,0,Y
1710,"Bibby, Mike",Mike Bibby,0,1998,2011,mike_bibby,0,Y
2740,"Biedrins, Andris",Andris Biedrins,0,2004,2013,andris_biedrins,0,Y
1497,"Billups, Chauncey",Chauncey Billups,0,1997,2013,chauncey_billups,0,Y
202687,"Biyombo, Bismack",Bismack Biyombo,1,2011,2015,bismack_biyombo,1610612761,Y
202357,"Bjelica, Nemanja",Nemanja Bjelica,1,2015,2015,nemanja_bjelica,1610612750,Y
204028,"Black, Tarik",Tarik Black,1,2014,2015,tarik_black,1610612747,Y
201971,"Blair, DeJuan",DeJuan Blair,0,2009,2015,dejuan_blair,0,Y
2581,"Blake, Steve",Steve Blake,1,2003,2015,steve_blake,1610612765,Y
202392,"Blakely, Marqus",Marqus Blakely,0,2010,2010,marqus_blakely,0,Y
101154,"Blatche, Andray",Andray Blatche,0,2005,2013,andray_blatche,0,Y
202339,"Bledsoe, Eric",Eric Bledsoe,1,2010,2015,eric_bledsoe,1610612756,Y
1548,"Blount, Mark",Mark Blount,0,2000,2008,mark_blount,0,Y
203505,"Blue, Vander",Vander Blue,0,2013,2014,vander_blue,0,Y
2586,"Bogans, Keith",Keith Bogans,0,2003,2013,keith_bogans,0,Y
202711,"Bogdanovic, Bojan",Bojan Bogdanovic,1,2014,2015,bojan_bogdanovic,1610612751,Y
101106,"Bogut, Andrew",Andrew Bogut,1,2005,2015,andrew_bogut,1610612744,Y
2588,"Bonner, Matt",Matt Bonner,1,2004,2015,matt_bonner,1610612759,Y
1626164,"Booker, Devin",Devin Booker,1,2015,2015,devin_booker,1610612756,Y
202344,"Booker, Trevor",Trevor Booker,1,2010,2015,trevor_booker,1610612762,Y
200767,"Boone, Josh",Josh Boone,0,2006,2009,josh_boone,0,Y
1916,"Booth, Calvin",Calvin Booth,0,1999,2008,calvin_booth,0,Y
2430,"Boozer, Carlos",Carlos Boozer,0,2002,2014,carlos_boozer,0,Y
2547,"Bosh, Chris",Chris Bosh,1,2003,2015,chris_bosh,1610612748,Y
1477,"Bowen, Bruce",Bruce Bowen,0,1996,2008,bruce_bowen,0,Y
1763,"Bowen, Ryan",Ryan Bowen,0,1999,2009,ryan_bowen,0,Y
1863,"Boykins, Earl",Earl Boykins,0,1998,2011,earl_boykins,0,Y
202342,"Brackins, Craig",Craig Brackins,0,2010,2011,craig_brackins,0,Y
202340,"Bradley, Avery",Avery Bradley,1,2010,2015,avery_bradley,1610612738,Y
1882,"Brand, Elton",Elton Brand,1,1999,2015,elton_brand,1610612755,Y
201147,"Brewer, Corey",Corey Brewer,1,2007,2015,corey_brewer,1610612745,Y
200758,"Brewer, Ronnie",Ronnie Brewer,0,2006,2013,ronnie_brewer,0,Y
2056,"Brezec, Primoz",Primoz Brezec,0,2001,2009,primoz_brezec,0,Y
201972,"Brockman, Jon",Jon Brockman,0,2009,2011,jon_brockman,0,Y
201166,"Brooks, Aaron",Aaron Brooks,1,2007,2015,aaron_brooks,1610612741,Y
202705,"Brooks, MarShon",MarShon Brooks,0,2011,2013,marshon_brooks,0,Y
2810,"Brown, Andre",Andre Brown,0,2006,2008,andre_brown,0,Y
1626148,"Brown, Anthony",Anthony Brown,1,2015,2015,anthony_brown,1610612747,Y
201628,"Brown, Bobby",Bobby Brown,0,2008,2009,bobby_brown,0,Y
200793,"Brown, Dee",Dee Brown,0,2006,2008,dee_brown,0,Y
201974,"Brown, Derrick",Derrick Brown,0,2009,2011,derrick_brown,0,Y
2484,"Brown, Devin",Devin Brown,0,2002,2009,devin_brown,0,Y
203913,"Brown, Jabari",Jabari Brown,0,2014,2014,jabari_brown,0,Y
2198,"Brown, Kwame",Kwame Brown,0,2001,2012,kwame_brown,0,Y
203485,"Brown, Lorenzo",Lorenzo Brown,1,2013,2015,lorenzo_brown,1610612765,Y
203900,"Brown, Markel",Markel Brown,1,2014,2015,markel_brown,1610612751,Y
136,"Brown, P.J.",P.J. Brown,0,1993,2007,pj_brown,0,Y
200769,"Brown, Shannon",Shannon Brown,0,2006,2014,shannon_brown,0,Y
977,"Bryant, Kobe",Kobe Bryant,1,1996,2015,kobe_bryant,1610612747,Y
1761,"Buckner, Greg",Greg Buckner,0,1999,2008,greg_buckner,0,Y
201978,"Budinger, Chase",Chase Budinger,1,2009,2015,chase_budinger,1610612756,Y
203493,"Bullock, Reggie",Reggie Bullock,1,2013,2015,reggie_bullock,1610612765,Y
203504,"Burke, Trey",Trey Burke,1,2013,2015,trey_burke,1610612762,Y
202692,"Burks, Alec",Alec Burks,1,2011,2015,alec_burks,1610612762,Y
202221,"Butch, Brian",Brian Butch,0,2009,2009,brian_butch,0,Y
2406,"Butler, Caron",Caron Butler,1,2002,2015,caron_butler,1610612758,Y
202364,"Butler, Da'Sean",Da'Sean Butler,0,2010,2010,dasean_butler,0,N
202710,"Butler, Jimmy",Jimmy Butler,1,2011,2015,jimmy_butler,1610612741,Y
2446,"Butler, Rasual",Rasual Butler,0,2002,2015,rasual_butler,0,Y
202779,"Buycks, Dwight",Dwight Buycks,0,2013,2014,dwight_buycks,0,Y
201182,"Byars, Derrick",Derrick Byars,0,2011,2011,derrick_byars,0,Y
101115,"Bynum, Andrew",Andrew Bynum,0,2005,2013,andrew_bynum,0,Y
101198,"Bynum, Will",Will Bynum,0,2005,2014,will_bynum,0,Y
203998,"Caboclo, Bruno",Bruno Caboclo,1,2014,2015,bruno_caboclo,1610612761,Y
201979,"Calathes, Nick",Nick Calathes,0,2013,2014,nick_calathes,0,Y
101181,"Calderon, Jose",Jose Calderon,1,2005,2015,jose_calderon,1610612752,Y
203484,"Caldwell-Pope, Kentavious",Kentavious Caldwell-Pope,1,2013,2015,kentavious_caldwell-pope,1610612765,Y
948,"Camby, Marcus",Marcus Camby,0,1996,2012,marcus_camby,0,Y
203477,"Canaan, Isaiah",Isaiah Canaan,1,2013,2015,isaiah_canaan,1610612755,Y
203991,"Capela, Clint",Clint Capela,1,2014,2015,clint_capela,1610612745,Y
202382,"Caracter, Derrick",Derrick Caracter,0,2010,2010,derrick_caracter,0,Y
2073,"Cardinal, Brian",Brian Cardinal,0,2000,2011,brian_cardinal,0,Y
200760,"Carney, Rodney",Rodney Carney,0,2006,2010,rodney_carney,0,Y
201960,"Carroll, DeMarre",DeMarre Carroll,1,2009,2015,demarre_carroll,1610612761,Y
2679,"Carroll, Matt",Matt Carroll,0,2003,2012,matt_carroll,0,Y
1853,"Carter, Anthony",Anthony Carter,0,1999,2011,anthony_carter,0,Y
1713,"Carter, Vince",Vince Carter,1,1998,2015,vince_carter,1610612763,Y
203487,"Carter-Williams, Michael",Michael Carter-Williams,1,2013,2015,michael_carter-williams,1610612749,Y
208,"Cassell, Sam",Sam Cassell,0,1993,2007,sam_cassell,0,Y
201956,"Casspi, Omri",Omri Casspi,1,2009,2015,omri_casspi,1610612758,Y
1626161,"Cauley-Stein, Willie",Willie Cauley-Stein,1,2015,2015,willie_cauley-stein,1610612758,Y
201596,"Chalmers, Mario",Mario Chalmers,0,2008,2015,mario_chalmers,0,Y
2199,"Chandler, Tyson",Tyson Chandler,1,2001,2015,tyson_chandler,1610612756,Y
201163,"Chandler, Wilson",Wilson Chandler,1,2007,2015,wilson_chandler,1610612743,Y
203805,"Cherry, Will",Will Cherry,0,2014,2014,will_cherry,0,Y
2735,"Childress, Josh",Josh Childress,0,2004,2013,josh_childress,0,Y
202091,"Christmas, Dionte",Dionte Christmas,0,2013,2013,dionte_christmas,0,Y
1626176,"Christmas, Rakeem",Rakeem Christmas,1,2015,2015,rakeem_christmas,1610612754,Y
203565,"Christopher, Patrick",Patrick Christopher,0,2014,2014,patrick_christopher,0,Y
201947,"Clark, Earl",Earl Clark,0,2009,2014,earl_clark,0,Y
203546,"Clark, Ian",Ian Clark,1,2013,2015,ian_clark,1610612744,Y
1626262,"Clarke, Coty",Coty Clarke,0,2015,2015,coty_clarke,0,Y
203903,"Clarkson, Jordan",Jordan Clarkson,1,2014,2015,jordan_clarkson,1610612747,Y
201964,"Claver, Victor",Victor Claver,0,2012,2014,victor_claver,0,Y
2049,"Claxton, Speedy",Speedy Claxton,0,2001,2008,speedy_claxton,0,Y
202708,"Cole, Norris",Norris Cole,1,2011,2015,norris_cole,1610612740,Y
2260,"Collins, Jarron",Jarron Collins,0,2001,2010,jarron_collins,0,Y
2215,"Collins, Jason",Jason Collins,0,2001,2013,jason_collins,0,Y
200776,"Collins, Mardy",Mardy Collins,0,2006,2009,mardy_collins,0,Y
202395,"Collins, Sherron",Sherron Collins,0,2010,2010,sherron_collins,0,Y
201954,"Collison, Darren",Darren Collison,1,2009,2015,darren_collison,1610612758,Y
2555,"Collison, Nick",Nick Collison,1,2003,2015,nick_collison,1610612760,Y
201144,"Conley, Mike",Mike Conley,1,2007,2015,mike_conley,1610612763,Y
1626192,"Connaughton, Pat",Pat Connaughton,1,2015,2015,pat_connaughton,1610612757,Y
101215,"Conroy, Will",Will Conroy,0,2006,2012,will_conroy,0,Y
2567,"Cook, Brian",Brian Cook,0,2003,2011,brian_cook,0,Y
201161,"Cook, Daequan",Daequan Cook,0,2007,2012,daequan_cook,0,Y
204022,"Cooley, Jack",Jack Cooley,0,2014,2014,jack_cooley,0,Y
203142,"Copeland, Chris",Chris Copeland,0,2012,2015,chris_copeland,0,Y
203955,"Cotton, Bryce",Bryce Cotton,1,2014,2015,bryce_cotton,1610612763,Y
202408,"Cousin, Marcus",Marcus Cousin,0,2010,2010,marcus_cousin,0,Y
202326,"Cousins, DeMarcus",DeMarcus Cousins,1,2010,2015,demarcus_cousins,1610612758,Y
203496,"Covington, Robert",Robert Covington,1,2013,2015,robert_covington,1610612755,Y
203459,"Crabbe, Allen",Allen Crabbe,1,2013,2015,allen_crabbe,1610612757,Y
2037,"Crawford, Jamal",Jamal Crawford,1,2000,2015,jamal_crawford,1610612746,Y
201621,"Crawford, Joe",Joe Crawford,0,2008,2008,joe_crawford,0,Y
202348,"Crawford, Jordan",Jordan Crawford,0,2010,2013,jordan_crawford,0,Y
201159,"Crittenton, Javaris",Javaris Crittenton,0,2007,2009,javaris_crittenton,0,Y
1506,"Croshere, Austin",Austin Croshere,0,1997,2008,austin_croshere,0,Y
203109,"Crowder, Jae",Jae Crowder,1,2012,2015,jae_crowder,1610612738,Y
201967,"Cunningham, Dante",Dante Cunningham,1,2009,2015,dante_cunningham,1610612740,Y
203099,"Cunningham, Jared",Jared Cunningham,0,2012,2015,jared_cunningham,0,Y
2201,"Curry, Eddy",Eddy Curry,0,2001,2012,eddy_curry,0,Y
201191,"Curry, JamesOn",JamesOn Curry,0,2007,2009,jameson_curry,0,Y
203552,"Curry, Seth",Seth Curry,1,2013,2015,seth_curry,1610612758,Y
201939,"Curry, Stephen",Stephen Curry,1,2009,2015,stephen_curry,1610612744,Y
2223,"Dalembert, Samuel",Samuel Dalembert,0,2001,2014,samuel_dalembert,0,Y
956,"Dampier, Erick",Erick Dampier,0,1996,2011,erick_dampier,0,Y
1498,"Daniels, Antonio",Antonio Daniels,0,1997,2010,antonio_daniels,0,Y
2605,"Daniels, Marquis",Marquis Daniels,0,2003,2012,marquis_daniels,0,Y
203584,"Daniels, Troy",Troy Daniels,1,2013,2015,troy_daniels,1610612766,Y
203540,"Datome, Gigi",Gigi Datome,0,2013,2014,luigi_datome,0,Y
201176,"Davidson, Jermareo",Jermareo Davidson,0,2007,2008,jermareo_davidson,0,Y
203561,"Davies, Brandon",Brandon Davies,0,2013,2014,brandon_davies,0,Y
203076,"Davis, Anthony",Anthony Davis,1,2012,2015,anthony_davis,1610612740,Y
1884,"Davis, Baron",Baron Davis,0,1999,2011,baron_davis,0,Y
202334,"Davis, Ed",Ed Davis,1,2010,2015,ed_davis,1610612757,Y
201175,"Davis, Glen",Glen Davis,0,2007,2014,glen_davis,0,Y
2668,"Davis, Josh",Josh Davis,0,2003,2011,josh_davis,0,Y
200781,"Davis, Paul",Paul Davis,0,2006,2009,paul_davis,0,Y
1729,"Davis, Ricky",Ricky Davis,0,1998,2009,ricky_davis,0,Y
203958,"Dawkins, Andre",Andre Dawkins,0,2014,2014,andre_dawkins,0,Y
1626183,"Dawson, Branden",Branden Dawson,1,2015,2015,branden_dawson,1610612746,Y
201286,"Dawson, Eric",Eric Dawson,0,2011,2011,eric_dawson,0,Y
201948,"Daye, Austin",Austin Daye,0,2009,2014,austin_daye,0,Y
201986,"De Colo, Nando",Nando De Colo,0,2012,2013,nando_de_colo,0,Y
201942,"DeRozan, DeMar",DeMar DeRozan,1,2009,2015,demar_derozan,1610612761,Y
203473,"Dedmon, Dewayne",Dewayne Dedmon,1,2013,2015,dewayne_dedmon,1610612753,Y
1626214,"Dejean-Jones, Bryce",Bryce Dejean-Jones,1,2015,2015,bryce_dejean-jones,1610612740,Y
1626155,"Dekker, Sam",Sam Dekker,1,2015,2015,sam_dekker,1610612745,Y
2568,"Delfino, Carlos",Carlos Delfino,0,2004,2013,carlos_delfino,0,Y
203521,"Dellavedova, Matthew",Matthew Dellavedova,1,2013,2015,matthew_dellavedova,1610612739,Y
2736,"Deng, Luol",Luol Deng,1,2004,2015,luol_deng,1610612748,Y
202458,"Dentmon, Justin",Justin Dentmon,0,2011,2012,justin_dentmon,0,Y
2564,"Diaw, Boris",Boris Diaw,1,2003,2015,boris_diaw,1610612759,Y
200821,"Diawara, Yakhouba",Yakhouba Diawara,0,2006,2009,yakhouba_diawara,0,Y
200799,"Diaz, Guillermo",Guillermo Diaz,0,2007,2007,guillermo_diaz,0,Y
2424,"Dickau, Dan",Dan Dickau,0,2002,2007,dan_dickau,0,Y
2079,"Dickens, Kaniel",Kaniel Dickens,0,2003,2007,kaniel_dickens,0,Y
101143,"Diener, Travis",Travis Diener,0,2005,2009,travis_diener,0,Y
203476,"Dieng, Gorgui",Gorgui Dieng,1,2013,2015,gorgui_dieng,1610612750,Y
203915,"Dinwiddie, Spencer",Spencer Dinwiddie,1,2014,2015,spencer_dinwiddie,1610612765,Y
101113,"Diogu, Ike",Ike Diogu,0,2005,2011,ike_diogu,0,Y
2205,"Diop, DeSagana",DeSagana Diop,0,2001,2012,desagana_diop,0,Y
2413,"Dixon, Juan",Juan Dixon,0,2002,2008,juan_dixon,0,Y
1720,"Doleac, Michael",Michael Doleac,0,1998,2007,michael_doleac,0,Y
2039,"Dooling, Keyon",Keyon Dooling,0,2000,2012,keyon_dooling,0,Y
201595,"Dorsey, Joey",Joey Dorsey,0,2008,2014,joey_dorsey,0,Y
200763,"Douby, Quincy",Quincy Douby,0,2006,2008,quincy_douby,0,Y
201962,"Douglas, Toney",Toney Douglas,1,2009,2015,toney_douglas,1610612740,Y
201604,"Douglas-Roberts, Chris",Chris Douglas-Roberts,0,2008,2014,chris_douglas-roberts,0,Y
202220,"Dowdell, Zabian",Zabian Dowdell,0,2010,2010,zabian_dowdell,0,Y
201609,"Dragic, Goran",Goran Dragic,1,2008,2015,goran_dragic,1610612748,Y
204054,"Dragic, Zoran",Zoran Dragic,0,2014,2014,zoran_dragic,0,Y
203580,"Drew, Larry",Larry Drew,0,2014,2014,larry_drew,0,Y
203083,"Drummond, Andre",Andre Drummond,1,2012,2015,andre_drummond,1610612765,Y
201162,"Dudley, Jared",Jared Dudley,1,2007,2015,jared_dudley,1610612764,Y
2768,"Duhon, Chris",Chris Duhon,0,2004,2012,chris_duhon,0,Y
1626251,"Dukan, Duje",Duje Dukan,1,2015,2015,duje_dukan,1610612758,Y
1495,"Duncan, Tim",Tim Duncan,1,1997,2015,tim_duncan,1610612759,Y
2399,"Dunleavy, Mike",Mike Dunleavy,1,2002,2015,mike_dunleavy,1610612741,Y
2648,"Dupree, Ronald",Ronald Dupree,0,2003,2010,ronald_dupree,0,Y
201142,"Durant, Kevin",Kevin Durant,1,2007,2015,kevin_durant,1610612760,Y
202406,"Dyson, Jerome",Jerome Dyson,0,2011,2011,jerome_dyson,0,Y
203921,"Early, Cleanthony",Cleanthony Early,1,2014,2015,cleanthony_early,1610612752,Y
202365,"Ebanks, Devin",Devin Ebanks,0,2010,2012,devin_ebanks,0,Y
204067,"Eddie, Jarell",Jarell Eddie,1,2015,2015,jarell_eddie,1610612764,Y
202197,"Edwards, Shane",Shane Edwards,0,2013,2013,shane_edwards,0,Y
201961,"Ellington, Wayne",Wayne Ellington,1,2009,2015,wayne_ellington,1610612751,Y
101145,"Ellis, Monta",Monta Ellis,1,2005,2015,monta_ellis,1610612754,Y
1922,"Elson, Francisco",Francisco Elson,0,2003,2011,francisco_elson,0,Y
2408,"Ely, Melvin",Melvin Ely,0,2002,2013,melvin_ely,0,Y
203954,"Embiid, Joel",Joel Embiid,1,2014,2015,joel_embiid,1610612755,N
2765,"Emmett, Andre",Andre Emmett,0,2004,2011,andre_emmett,0,Y
203119,"English, Kim",Kim English,0,2012,2012,kim_english,0,Y
203516,"Ennis, James",James Ennis,1,2014,2015,james_ennis,1610612740,Y
203898,"Ennis, Tyler",Tyler Ennis,1,2014,2015,tyler_ennis,1610612749,Y
201623,"Erden, Semih",Semih Erden,0,2010,2011,semih_erden,0,Y
202379,"Evans, Jeremy",Jeremy Evans,1,2010,2015,jeremy_evans,1610612742,Y
2230,"Evans, Maurice",Maurice Evans,0,2001,2011,maurice_evans,0,Y
2501,"Evans, Reggie",Reggie Evans,0,2002,2014,reggie_evans,0,Y
201936,"Evans, Tyreke",Tyreke Evans,1,2009,2015,tyreke_evans,1610612740,Y
201607,"Ewing Jr., Patrick",Patrick Ewing Jr.,0,2010,2010,patrick_ewing-jr,0,Y
203957,"Exum, Dante",Dante Exum,1,2014,2015,dante_exum,1610612762,Y
201963,"Eyenga, Christian",Christian Eyenga,0,2010,2011,christian_eyenga,0,Y
203105,"Ezeli, Festus",Festus Ezeli,1,2012,2015,festus_ezeli,1610612744,Y
202702,"Faried, Kenneth",Kenneth Faried,1,2011,2015,kenneth_faried,1610612743,Y
200770,"Farmar, Jordan",Jordan Farmar,1,2006,2015,jordan_farmar,1610612763,Y
2824,"Farmer, Desmon",Desmon Farmer,0,2006,2008,desmon_farmer,0,Y
203543,"Faverani, Vitor",Vitor Faverani,0,2013,2013,vitor_faverani,0,Y
202324,"Favors, Derrick",Derrick Favors,1,2010,2015,derrick_favors,1610612762,Y
201174,"Fazekas, Nick",Nick Fazekas,0,2007,2007,nick_fazekas,0,Y
1626245,"Felicio, Cristiano",Cristiano Felicio,1,2015,2015,cristiano_felicio,1610612741,Y
203467,"Felix, Carrick",Carrick Felix,0,2013,2013,carrick_felix,0,Y
101109,"Felton, Raymond",Raymond Felton,1,2005,2015,raymond_felton,1610612742,Y
201164,"Fernandez, Rudy",Rudy Fernandez,0,2008,2011,rudy_fernandez,0,Y
201178,"Fesenko, Kyrylo",Kyrylo Fesenko,0,2007,2011,kyrylo_fesenko,0,Y
202361,"Fields, Landry",Landry Fields,0,2010,2014,landry_fields,0,Y
714,"Finley, Michael",Michael Finley,0,1995,2009,michael_finley,0,Y
965,"Fisher, Derek",Derek Fisher,0,1996,2013,derek_fisher,0,Y
201938,"Flynn, Jonny",Jonny Flynn,0,2009,2011,jonny_flynn,0,Y
202880,"Foote, Jeff",Jeff Foote,0,2011,2011,jeff_foote,0,Y
201814,"Forbes, Gary",Gary Forbes,0,2010,2011,gary_forbes,0,Y
2551,"Ford, T.J.",T.J. Ford,0,2003,2011,tj_ford,0,Y
202622,"Fortson, Courtney",Courtney Fortson,0,2011,2011,courtney_fortson,0,Y
1902,"Foster, Jeff",Jeff Foster,0,1999,2011,jeff_foster,0,Y
203095,"Fournier, Evan",Evan Fournier,1,2012,2015,evan_fournier,1610612753,Y
200751,"Foye, Randy",Randy Foye,1,2006,2015,randy_foye,1610612760,Y
1502,"Foyle, Adonal",Adonal Foyle,0,1997,2009,adonal_foyle,0,Y
2499,"Frahm, Richie",Richie Frahm,0,2002,2007,richie_frahm,0,Y
1883,"Francis, Steve",Steve Francis,0,1999,2007,steve_francis,0,Y
203479,"Franklin, Jamaal",Jamaal Franklin,0,2013,2014,jamaal_franklin,0,Y
204025,"Frazier, Tim",Tim Frazier,1,2014,2015,tim_frazier,1610612740,Y
202690,"Fredette, Jimmer",Jimmer Fredette,0,2011,2015,jimmer_fredette,0,Y
200777,"Freeland, Joel",Joel Freeland,0,2012,2014,joel_freeland,0,Y
101112,"Frye, Channing",Channing Frye,1,2005,2015,channing_frye,1610612739,Y
2429,"Gadzuric, Dan",Dan Gadzuric,0,2002,2011,dan_gadzuric,0,Y
202070,"Gaffney, Tony",Tony Gaffney,0,2009,2009,tony_gaffney,0,Y
202178,"Gaines, Sundiata",Sundiata Gaines,0,2009,2011,sundiata_gaines,0,Y
201568,"Gallinari, Danilo",Danilo Gallinari,1,2008,2015,danilo_gallinari,1610612743,Y
204038,"Galloway, Langston",Langston Galloway,1,2014,2015,langston_galloway,1610612752,Y
200816,"Garbajosa, Jorge",Jorge Garbajosa,0,2006,2007,jorge_garbajosa,0,Y
101128,"Garcia, Francisco",Francisco Garcia,0,2005,2014,francisco_garcia,0,Y
201242,"Gardner, Thomas",Thomas Gardner,0,2007,2008,thomas_gardner,0,Y
708,"Garnett, Kevin",Kevin Garnett,1,1995,2015,kevin_garnett,1610612750,Y
203197,"Garrett, Diante",Diante Garrett,0,2012,2013,diante_garrett,0,Y
1727,"Garrity, Pat",Pat Garrity,0,1998,2007,pat_garrity,0,Y
201188,"Gasol, Marc",Marc Gasol,1,2008,2015,marc_gasol,1610612763,Y
2200,"Gasol, Pau",Pau Gasol,1,2001,2015,pau_gasol,1610612741,Y
200752,"Gay, Rudy",Rudy Gay,1,2006,2015,rudy_gay,1610612758,Y
202087,"Gee, Alonzo",Alonzo Gee,1,2009,2015,alonzo_gee,1610612740,Y
101153,"Gelabale, Mickael",Mickael Gelabale,0,2006,2012,mickael_gelabale,0,Y
1904,"George, Devean",Devean George,0,1999,2009,devean_george,0,Y
202331,"George, Paul",Paul George,1,2010,2015,paul_george,1610612754,Y
200789,"Gibson, Daniel",Daniel Gibson,0,2006,2012,daniel_gibson,0,Y
201959,"Gibson, Taj",Taj Gibson,1,2009,2015,taj_gibson,1610612741,Y
201592,"Giddens, J.R.",J.R. Giddens,0,2008,2009,jr_giddens,0,Y
201821,"Gilder, Trey",Trey Gilder,0,2009,2009,trey_gilder,0,Y
2109,"Gill, Eddie",Eddie Gill,0,2000,2008,eddie_gill,0,Y
1938,"Ginobili, Manu",Manu Ginobili,1,2002,2015,emanuel_ginobili,1610612759,Y
1921,"Giricek, Gordan",Gordan Giricek,0,2002,2007,gordan_giricek,0,Y
202148,"Gladness, Mickell",Mickell Gladness,0,2011,2011,mickell_gladness,0,Y
203497,"Gobert, Rudy",Rudy Gobert,1,2013,2015,rudy_gobert,1610612762,Y
101155,"Gomes, Ryan",Ryan Gomes,0,2005,2013,ryan_gomes,0,Y
2400,"Gooden, Drew",Drew Gooden,1,2002,2015,drew_gooden,1610612764,Y
203462,"Goodwin, Archie",Archie Goodwin,1,2013,2015,archie_goodwin,1610612756,Y
203932,"Gordon, Aaron",Aaron Gordon,1,2014,2015,aaron_gordon,1610612753,Y
2732,"Gordon, Ben",Ben Gordon,0,2004,2014,ben_gordon,0,Y
204079,"Gordon, Drew",Drew Gordon,0,2014,2014,drew_gordon,0,Y
201569,"Gordon, Eric",Eric Gordon,1,2008,2015,eric_gordon,1610612740,Y
101162,"Gortat, Marcin",Marcin Gortat,1,2007,2015,marcin_gortat,1610612764,Y
202726,"Goudelock, Andrew",Andrew Goudelock,1,2011,2015,andrew_goudelock,1610612745,Y
101121,"Graham, Joey",Joey Graham,0,2005,2010,joey_graham,0,Y
101211,"Graham, Stephen",Stephen Graham,0,2005,2010,stephen_graham,0,Y
101122,"Granger, Danny",Danny Granger,0,2005,2014,danny_granger,0,Y
203924,"Grant, Jerami",Jerami Grant,1,2014,2015,jerami_grant,1610612755,Y
1626170,"Grant, Jerian",Jerian Grant,1,2015,2015,jerian_grant,1610612752,Y
201189,"Gray, Aaron",Aaron Gray,0,2007,2013,aaron_gray,0,Y
201980,"Green, Danny",Danny Green,1,2009,2015,daniel_green,1610612759,Y
203110,"Green, Draymond",Draymond Green,1,2012,2015,draymond_green,1610612744,Y
203475,"Green, Erick",Erick Green,0,2014,2015,erick_green,0,Y
101123,"Green, Gerald",Gerald Green,1,2005,2015,gerald_green,1610612748,Y
203210,"Green, JaMychal",JaMychal Green,1,2014,2015,jamychal_green,1610612763,Y
201145,"Green, Jeff",Jeff Green,1,2007,2015,jeff_green,1610612746,Y
201192,"Green, Taurean",Taurean Green,0,2007,2007,taurean_green,0,Y
2584,"Green, Willie",Willie Green,0,2003,2014,willie_green,0,Y
201590,"Greene, Donte",Donte Greene,0,2008,2012,donte_greene,0,Y
101158,"Greene, Orien",Orien Greene,0,2005,2010,orien_greene,0,Y
1559,"Griffin, Adrian",Adrian Griffin,0,1999,2007,adrian_griffin,0,Y
201933,"Griffin, Blake",Blake Griffin,1,2009,2015,blake_griffin,1610612746,Y
201981,"Griffin, Taylor",Taylor Griffin,0,2009,2009,taylor_griffin,0,Y
203268,"Gutierrez, Jorge",Jorge Gutierrez,1,2013,2015,jorge_gutierrez,1610612766,Y
201632,"Haddadi, Hamed",Hamed Haddadi,0,2008,2012,hamed_haddadi,0,Y
201612,"Hairston, Malik",Malik Hairston,0,2008,2009,malik_hairston,0,Y
203798,"Hairston, PJ",PJ Hairston,1,2014,2015,pj_hairston,1610612763,Y
2409,"Haislip, Marcus",Marcus Haislip,0,2002,2009,marcus_haislip,0,Y
202706,"Hamilton, Jordan",Jordan Hamilton,1,2011,2015,jordan_hamilton,1610612740,Y
203120,"Hamilton, Justin",Justin Hamilton,0,2013,2014,justin_hamilton,0,Y
1888,"Hamilton, Richard",Richard Hamilton,0,1999,2012,richard_hamilton,0,Y
203162,"Hansbrough, Ben",Ben Hansbrough,0,2012,2012,ben_hansbrough,0,Y
201946,"Hansbrough, Tyler",Tyler Hansbrough,1,2009,2015,tyler_hansbrough,1610612766,Y
202376,"Harangody, Luke",Luke Harangody,0,2010,2011,luke_harangody,0,Y
358,"Hardaway, Anfernee",Anfernee Hardaway,0,1993,2007,anfernee_hardaway,0,Y
203501,"Hardaway Jr., Tim",Tim Hardaway Jr.,1,2013,2015,timothy_hardaway,1610612737,Y
201935,"Harden, James",James Harden,1,2009,2015,james_harden,1610612745,Y
203090,"Harkless, Maurice",Maurice Harkless,1,2012,2015,maurice_harkless,1610612757,Y
202712,"Harper, Justin",Justin Harper,0,2011,2015,justin_harper,0,Y
1723,"Harpring, Matt",Matt Harpring,0,1998,2008,matt_harpring,0,Y
1626149,"Harrell, Montrezl",Montrezl Harrell,1,2015,2015,montrezl_harrell,1610612745,Y
202725,"Harrellson, Josh",Josh Harrellson,0,2011,2013,josh_harrellson,0,Y
1733,"Harrington, Al",Al Harrington,0,1998,2013,al_harrington,0,Y
970,"Harrington, Othella",Othella Harrington,0,1996,2007,othella_harrington,0,Y
2734,"Harris, Devin",Devin Harris,1,2004,2015,devin_harris,1610612742,Y
203548,"Harris, Elias",Elias Harris,0,2013,2013,elias_harris,0,Y
203914,"Harris, Gary",Gary Harris,1,2014,2015,gary_harris,1610612743,Y
203925,"Harris, Joe",Joe Harris,0,2014,2015,joe_harris,0,Y
202412,"Harris, Manny",Manny Harris,0,2010,2013,manny_harris,0,Y
200839,"Harris, Michael",Michael Harris,0,2007,2013,mike_harris,0,Y
202227,"Harris, Terrel",Terrel Harris,0,2011,2012,terrel_harris,0,Y
202699,"Harris, Tobias",Tobias Harris,1,2011,2015,tobias_harris,1610612765,Y
1626151,"Harrison, Aaron",Aaron Harrison,1,2015,2015,aaron_harrison,1610612766,Y
2758,"Harrison, David",David Harrison,0,2004,2007,david_harrison,0,Y
2078,"Hart, Jason",Jason Hart,0,2000,2009,jason_hart,0,Y
202238,"Hasbrouck, Kenny",Kenny Hasbrouck,0,2009,2009,kenny_hasbrouck,0,Y
2617,"Haslem, Udonis",Udonis Haslem,1,2003,2015,udonis_haslem,1610612748,Y
2239,"Hassell, Trenton",Trenton Hassell,0,2001,2009,trenton_hassell,0,Y
201150,"Hawes, Spencer",Spencer Hawes,1,2007,2015,spencer_hawes,1610612766,Y
101236,"Hayes, Charles",Charles Hayes,0,2005,2015,chuck_hayes,0,Y
2553,"Hayes, Jarvis",Jarvis Hayes,0,2003,2009,jarvis_hayes,0,Y
202330,"Hayward, Gordon",Gordon Hayward,1,2010,2015,gordon_hayward,1610612762,Y
202351,"Hayward, Lazar",Lazar Hayward,0,2010,2012,lazar_hayward,0,Y
2217,"Haywood, Brendan",Brendan Haywood,0,2001,2014,brendan_haywood,0,Y
101129,"Head, Luther",Luther Head,0,2005,2010,luther_head,0,Y
201945,"Henderson, Gerald",Gerald Henderson,1,2009,2015,gerald_henderson,1610612757,Y
202333,"Henry, Xavier",Xavier Henry,0,2010,2014,xavier_henry,0,Y
203089,"Henson, John",John Henson,1,2012,2015,john_henson,1610612749,Y
200835,"Herrmann, Walter",Walter Herrmann,0,2006,2008,walter_herrmann,0,Y
1626209,"Hezonja, Mario",Mario Hezonja,1,2015,2015,mario_hezonja,1610612753,Y
201579,"Hibbert, Roy",Roy Hibbert,1,2008,2015,roy_hibbert,1610612747,Y
201581,"Hickson, JJ",JJ Hickson,1,2008,2015,jj_hickson,1610612764,Y
202809,"Higgins, Cory",Cory Higgins,0,2011,2012,cory_higgins,0,Y
2403,Nene,Nene,1,2002,2015,nene,1610612764,Y
201588,"Hill, George",George Hill,1,2008,2015,george_hill,1610612754,Y
255,"Hill, Grant",Grant Hill,0,1994,2012,grant_hill,0,Y
201195,"Hill, Herbert",Herbert Hill,0,2007,2007,herbert_hill,0,Y
201941,"Hill, Jordan",Jordan Hill,1,2009,2015,jordan_hill,1610612754,Y
203524,"Hill, Solomon",Solomon Hill,1,2013,2015,solomon_hill,1610612754,Y
201631,"Hill, Steven",Steven Hill,0,2008,2008,steven_hill,0,Y
1626199,"Hilliard, Darrun",Darrun Hilliard,1,2015,2015,darrun_hilliard,1610612765,Y
2550,"Hinrich, Kirk",Kirk Hinrich,1,2003,2015,kirk_hinrich,1610612737,Y
202359,"Hobson, Darington",Darington Hobson,0,2011,2011,darington_hobson,0,Y
201950,"Holiday, Jrue",Jrue Holiday,1,2009,2015,jrue_holiday,1610612740,Y
203200,"Holiday, Justin",Justin Holiday,1,2012,2015,justin_holiday,1610612741,Y
204066,"Holland, John",John Holland,1,2015,2015,john_holland,1610612738,N
200797,"Hollins, Ryan",Ryan Hollins,0,2006,2015,ryan_hollins,0,Y
1626178,"Hollis-Jefferson, Rondae",Rondae Hollis-Jefferson,1,2015,2015,rondae_hollis-jefferson,1610612751,Y
1626158,"Holmes, Richaun",Richaun Holmes,1,2015,2015,richaun_holmes,1610612755,Y
202715,"Honeycutt, Tyler",Tyler Honeycutt,0,2011,2012,tyler_honeycutt,0,Y
203918,"Hood, Rodney",Rodney Hood,1,2014,2015,rodney_hood,1610612762,Y
203816,"Hopson, Scotty",Scotty Hopson,0,2013,2013,scotty_hopson,0,Y
201143,"Horford, Al",Al Horford,1,2007,2015,al_horford,1610612737,Y
202862,"Horner, Dennis",Dennis Horner,0,2011,2011,dennis_horner,0,Y
109,"Horry, Robert",Robert Horry,0,1992,2007,robert_horry,0,Y
2067,"House, Eddie",Eddie House,0,2000,2010,eddie_house,0,Y
2730,"Howard, Dwight",Dwight Howard,1,2004,2015,dwight_howard,1610612745,Y
2572,"Howard, Josh",Josh Howard,0,2003,2012,josh_howard,0,Y
436,"Howard, Juwan",Juwan Howard,0,1994,2012,juwan_howard,0,Y
201991,"Hudson, Lester",Lester Hudson,0,2009,2014,lester_hudson,0,Y
1607,"Hudson, Troy",Troy Hudson,0,1997,2007,troy_hudson,0,Y
1626273,"Huertas, Marcelo",Marcelo Huertas,1,2015,2015,marcelo_huertas,1610612747,Y
203962,"Huestis, Josh",Josh Huestis,1,2015,2015,josh_huestis,1610612760,Y
1716,"Hughes, Larry",Larry Hughes,0,1998,2011,larry_hughes,0,Y
203133,"Hummel, Robbie",Robbie Hummel,0,2013,2014,robbie_hummel,0,Y
2743,"Humphries, Kris",Kris Humphries,1,2004,2015,kris_humphries,1610612737,Y
201805,"Hunter, Chris",Chris Hunter,0,2008,2009,chris_hunter,0,Y
283,"Hunter, Lindsey",Lindsey Hunter,0,1993,2009,lindsey_hunter,0,Y
201629,"Hunter, Othello",Othello Hunter,0,2008,2009,othello_hunter,0,Y
1626154,"Hunter, RJ",RJ Hunter,1,2015,2015,rj_hunter,1610612738,Y
2212,"Hunter, Steven",Steven Hunter,0,2001,2009,steven_hunter,0,Y
201586,"Ibaka, Serge",Serge Ibaka,1,2009,2015,serge_ibaka,1610612760,Y
2738,"Iguodala, Andre",Andre Iguodala,1,2004,2015,andre_iguodala,1610612744,Y
980,"Ilgauskas, Zydrunas",Zydrunas Ilgauskas,0,1997,2010,zydrunas_ilgauskas,0,Y
101141,"Ilyasova, Ersan",Ersan Ilyasova,1,2006,2015,ersan_ilyasova,1610612753,Y
204060,"Ingles, Joe",Joe Ingles,1,2014,2015,joe_ingles,1610612762,Y
203996,"Inglis, Damien",Damien Inglis,1,2014,2015,damien_inglis,1610612749,Y
202681,"Irving, Kyrie",Kyrie Irving,1,2011,2015,kyrie_irving,1610612739,Y
947,"Iverson, Allen",Allen Iverson,0,1996,2009,allen_iverson,0,Y
2767,"Ivey, Royal",Royal Ivey,0,2004,2013,royal_ivey,0,Y
101127,"Jack, Jarrett",Jarrett Jack,1,2005,2015,jarrett_jack,1610612751,Y
1517,"Jackson, Bobby",Bobby Jackson,0,1997,2008,bobby_jackson,0,Y
202132,"Jackson, Cedric",Cedric Jackson,0,2009,2009,cedric_jackson,0,Y
201616,"Jackson, Darnell",Darnell Jackson,0,2008,2010,darnell_jackson,0,Y
2739,"Jackson, Luke",Luke Jackson,0,2004,2007,luke_jackson,0,Y
202704,"Jackson, Reggie",Reggie Jackson,1,2011,2015,reggie_jackson,1610612765,Y
1536,"Jackson, Stephen",Stephen Jackson,0,2000,2013,stephen_jackson,0,Y
2418,"Jacobsen, Casey",Casey Jacobsen,0,2002,2007,casey_jacobsen,0,Y
203108,"James, Bernard",Bernard James,0,2012,2014,bernard_james,0,Y
202345,"James, Damion",Damion James,0,2010,2013,damion_james,0,Y
1744,"James, Jerome",Jerome James,0,1998,2008,jerome_james,0,Y
2544,"James, LeBron",LeBron James,1,2003,2015,lebron_james,1610612739,Y
2229,"James, Mike",Mike James,0,2001,2013,mike_james,0,Y
1712,"Jamison, Antawn",Antawn Jamison,0,1998,2013,antawn_jamison,0,Y
2060,"Jaric, Marko",Marko Jaric,0,2002,2008,marko_jaric,0,Y
201605,"Jawai, Nathan",Nathan Jawai,0,2008,2009,nathan_jawai,0,Y
201785,"Jeffers, Othyus",Othyus Jeffers,0,2009,2013,othyus_jeffers,0,Y
2744,"Jefferson, Al",Al Jefferson,1,2004,2015,al_jefferson,1610612766,Y
203928,"Jefferson, Cory",Cory Jefferson,0,2014,2015,cory_jefferson,0,Y
200971,"Jefferson, Dontell",Dontell Jefferson,0,2008,2008,dontell_jefferson,0,Y
2210,"Jefferson, Richard",Richard Jefferson,1,2001,2015,richard_jefferson,1610612739,Y
2407,"Jeffries, Jared",Jared Jeffries,0,2002,2012,jared_jeffries,0,Y
202724,"Jenkins, Charles",Charles Jenkins,0,2011,2012,charles_jenkins,0,Y
203098,"Jenkins, John",John Jenkins,1,2012,2015,john_jenkins,1610612756,Y
201943,"Jennings, Brandon",Brandon Jennings,1,2009,2015,brandon_jennings,1610612753,Y
201973,"Jerebko, Jonas",Jonas Jerebko,1,2009,2015,jonas_jerebko,1610612738,Y
201998,"Jerrells, Curtis",Curtis Jerrells,0,2009,2009,curtis_jerrells,0,Y
203511,"Jerrett, Grant",Grant Jerrett,0,2013,2014,grant_jerrett,0,Y
200817,"Jeter, Pooh",Pooh Jeter,0,2010,2010,eugene_jeter,0,Y
200792,"Johnson, Alexander",Alexander Johnson,0,2006,2009,alexander_johnson,0,Y
101161,"Johnson, Amir",Amir Johnson,1,2005,2015,amir_johnson,1610612738,Y
1533,"Johnson, Anthony",Anthony Johnson,0,1997,2009,anthony_johnson,0,Y
202356,"Johnson, Armon",Armon Johnson,0,2010,2011,armon_johnson,0,Y
201291,"Johnson, Carldell",Carldell Johnson,0,2011,2011,carldell_johnson,0,Y
202419,"Johnson, Chris",Chris Johnson,0,2010,2012,chris_johnson,0,Y
203187,"Johnson, Chris",Chris Johnson,1,2012,2015,christapher_johnson,1610612762,Y
2035,"Johnson, DerMarr",DerMarr Johnson,0,2000,2007,dermarr_johnson,0,Y
201274,"Johnson, Ivan",Ivan Johnson,0,2011,2012,ivan_johnson,0,Y
202707,"Johnson, JaJuan",JaJuan Johnson,0,2011,2011,jajuan_johnson,0,Y
201949,"Johnson, James",James Johnson,1,2009,2015,james_johnson,1610612761,Y
2207,"Johnson, Joe",Joe Johnson,1,2001,2015,joe_johnson,1610612748,Y
2669,"Johnson, Linton",Linton Johnson,0,2003,2008,linton_johnson,0,Y
203910,"Johnson, Nick",Nick Johnson,0,2014,2014,nick_johnson,0,Y
203111,"Johnson, Orlando",Orlando Johnson,0,2012,2015,orlando_johnson,0,Y
1626169,"Johnson, Stanley",Stanley Johnson,1,2015,2015,stanley_johnson,1610612765,Y
201234,"Johnson, Trey",Trey Johnson,0,2008,2011,trey_johnson,0,Y
204020,"Johnson, Tyler",Tyler Johnson,1,2014,2015,tyler_johnson,1610612748,Y
202325,"Johnson, Wesley",Wesley Johnson,1,2010,2015,wesley_johnson,1610612746,Y
203130,"Johnson-Odom, Darius",Darius Johnson-Odom,0,2012,2013,darius_johnson-odom,0,Y
203999,"Jokic, Nikola",Nikola Jokic,1,2015,2015,nikola_jokic,1610612743,Y
200784,"Jones, Bobby",Bobby Jones,0,2006,2007,bobby_ray_jones,0,Y
2563,"Jones, Dahntay",Dahntay Jones,1,2003,2015,dahntay_jones,1610612739,Y
1800,"Jones, Damon",Damon Jones,0,1998,2008,damon_jones,0,Y
203199,"Jones, DeQuan",DeQuan Jones,0,2012,2012,dequan_jones,0,Y
202346,"Jones, Dominique",Dominique Jones,0,2010,2012,dominique_jones,0,Y
101204,"Jones, Dwayne",Dwayne Jones,0,2005,2012,dwayne_jones,0,Y
224,"Jones, Eddie",Eddie Jones,0,1994,2007,eddie_jones,0,Y
2410,"Jones, Fred",Fred Jones,0,2002,2008,fred_jones,0,Y
2592,"Jones, James",James Jones,1,2003,2015,james_jones,1610612739,Y
203158,"Jones, Kevin",Kevin Jones,0,2012,2012,kevin_jones,0,Y
203103,"Jones, Perry",Perry Jones,0,2012,2014,perry_jones,0,Y
200780,"Jones, Solomon",Solomon Jones,0,2006,2013,solomon_jones,0,Y
203093,"Jones, Terrence",Terrence Jones,1,2012,2015,terrence_jones,1610612745,Y
1626145,"Jones, Tyus",Tyus Jones,1,2015,2015,tyus_jones,1610612750,Y
201599,"Jordan, DeAndre",DeAndre Jordan,1,2008,2015,deandre_jordan,1610612746,Y
202366,"Jordan, Jerome",Jerome Jordan,0,2011,2014,jerome_jordan,0,Y
202709,"Joseph, Cory",Cory Joseph,1,2011,2015,cory_joseph,1610612761,Y
203126,"Joseph, Kris",Kris Joseph,0,2012,2012,kris_joseph,0,Y
2549,"Kaman, Chris",Chris Kaman,1,2003,2015,chris_kaman,1610612757,Y
1626163,"Kaminsky, Frank",Frank Kaminsky,1,2015,2015,frank_kaminsky,1610612766,Y
202683,"Kanter, Enes",Enes Kanter,1,2011,2015,enes_kanter,1610612760,Y
2574,"Kapono, Jason",Jason Kapono,0,2003,2011,jason_kapono,0,Y
203508,"Karasev, Sergey",Sergey Karasev,1,2013,2015,sergey_karasev,1610612751,Y
201207,"Karl, Coby",Coby Karl,0,2007,2009,coby_karl,0,Y
201619,"Kaun, Sasha",Sasha Kaun,1,2015,2015,sasha_kaun,1610612739,Y
203527,"Kelly, Ryan",Ryan Kelly,1,2013,2015,ryan_kelly,1610612747,Y
202810,"Kennedy, D.J.",D.J. Kennedy,0,2011,2011,dj_kennedy,0,Y
2751,"Khryapa, Viktor",Viktor Khryapa,0,2004,2007,europelive,0,Y
467,"Kidd, Jason",Jason Kidd,0,1994,2012,jason_kidd,0,Y
203077,"Kidd-Gilchrist, Michael",Michael Kidd-Gilchrist,1,2012,2015,michael_kidd-gilchrist,1610612766,Y
203930,"Kilpatrick, Sean",Sean Kilpatrick,1,2014,2015,sean_kilpatrick,1610612751,Y
200814,"Kinsey, Tarence",Tarence Kinsey,0,2006,2008,tarence_kinsey,0,Y
1905,"Kirilenko, Andrei",Andrei Kirilenko,0,2001,2014,andrei_kirilenko,0,Y
203945,"Kirk, Alex",Alex Kirk,0,2014,2014,alex_kirk,0,Y
101132,"Kleiza, Linas",Linas Kleiza,0,2005,2012,linas_kleiza,0,Y
202688,"Knight, Brandon",Brandon Knight,1,2011,2015,brandon_knight,1610612756,Y
1510,"Knight, Brevin",Brevin Knight,0,1997,2008,brevin_knight,0,Y
2594,"Korver, Kyle",Kyle Korver,1,2003,2015,kyle_korver,1610612737,Y
201585,"Koufos, Kosta",Kosta Koufos,1,2008,2015,kosta_koufos,1610612758,Y
203139,"Kravtsov, Viacheslav",Viacheslav Kravtsov,0,2012,2013,viacheslav_kravtsov,0,Y
2420,"Krstic, Nenad",Nenad Krstic,0,2004,2010,nenad_krstic,0,Y
201633,"Kurz, Rob",Rob Kurz,0,2008,2009,robert_kurz,0,Y
203136,"Kuzmic, Ognjen",Ognjen Kuzmic,0,2013,2014,ognjen_kuzmic,0,Y
1711,"LaFrentz, Raef",Raef LaFrentz,0,1998,2008,raef_lafrentz,0,Y
203897,"LaVine, Zach",Zach LaVine,1,2014,2015,zach_lavine,1610612750,Y
201802,"Lafayette, Oliver",Oliver Lafayette,0,2009,2009,oliver_lafayette,0,Y
203117,"Lamb, Doron",Doron Lamb,0,2012,2013,doron_lamb,0,Y
203087,"Lamb, Jeremy",Jeremy Lamb,1,2012,2015,jeremy_lamb,1610612766,Y
201171,"Landry, Carl",Carl Landry,1,2007,2015,carl_landry,1610612755,Y
202068,"Landry, Marcus",Marcus Landry,0,2009,2009,marcus_landry,0,Y
101247,"Langford, Keith",Keith Langford,0,2007,2007,keith_langford,0,Y
203499,"Larkin, Shane",Shane Larkin,1,2013,2015,shane_larkin,1610612751,Y
201186,"Lasme, Stephane",Stephane Lasme,0,2007,2007,stephane_lasme,0,Y
203530,"Lauvergne, Joffrey",Joffrey Lauvergne,1,2014,2015,joffrey_lauvergne,1610612743,Y
201151,"Law, Acie",Acie Law,0,2007,2010,acie_law,0,Y
202371,"Lawal, Gani",Gani Lawal,0,2010,2010,gani_lawal,0,Y
201951,"Lawson, Ty",Ty Lawson,1,2009,2015,ty_lawson,1610612754,Y
203495,"Ledo, Ricky",Ricky Ledo,0,2013,2014,ricardo_ledo,0,Y
201584,"Lee, Courtney",Courtney Lee,1,2008,2015,courtney_lee,1610612766,Y
101135,"Lee, David",David Lee,1,2005,2015,david_lee,1610612742,Y
202723,"Lee, Malcolm",Malcolm Lee,0,2011,2014,malcolm_lee,0,Y
203458,"Len, Alex",Alex Len,1,2013,2015,alex_len,1610612756,Y
202695,"Leonard, Kawhi",Kawhi Leonard,1,2011,2015,kawhi_leonard,1610612759,Y
203086,"Leonard, Meyers",Meyers Leonard,1,2012,2015,meyers_leonard,1610612757,Y
202727,"Leslie, Travis",Travis Leslie,0,2011,2011,travis_leslie,0,Y
202720,"Leuer, Jon",Jon Leuer,1,2011,2015,jon_leuer,1610612756,Y
1740,"Lewis, Rashard",Rashard Lewis,0,1998,2013,rashard_lewis,0,Y
202732,"Liggins, DeAndre",DeAndre Liggins,0,2011,2013,deandre_liggins,0,Y
203081,"Lillard, Damian",Damian Lillard,1,2012,2015,damian_lillard,1610612757,Y
202391,"Lin, Jeremy",Jeremy Lin,1,2010,2015,jeremy_lin,1610612766,Y
2733,"Livingston, Shaun",Shaun Livingston,1,2004,2015,shaun_livingston,1610612744,Y
1626172,"Looney, Kevon",Kevon Looney,1,2015,2015,kevon_looney,1610612744,Y
201572,"Lopez, Brook",Brook Lopez,1,2008,2015,brook_lopez,1610612751,Y
201577,"Lopez, Robin",Robin Lopez,1,2008,2015,robin_lopez,1610612752,Y
201567,"Love, Kevin",Kevin Love,1,2008,2015,kevin_love,1610612739,Y
200768,"Lowry, Kyle",Kyle Lowry,1,2006,2015,kyle_lowry,1610612761,Y
203564,"Lucas, Kalin",Kalin Lucas,0,2014,2014,kalin_lucas,0,Y
101249,"Lucas III, John",John Lucas III,0,2005,2014,john_iii_lucas,0,Y
1731,"Lue, Tyronn",Tyronn Lue,0,1998,2008,tyronn_lue,0,Y
1626168,"Lyles, Trey",Trey Lyles,1,2015,2015,trey_lyles,1610612762,Y
203159,"Machado, Scott",Scott Machado,0,2012,2012,scott_machado,0,Y
202714,"Mack, Shelvin",Shelvin Mack,1,2011,2015,shelvin_mack,1610612762,Y
202731,"Macklin, Vernon",Vernon Macklin,0,2011,2011,vernon_macklin,0,Y
2058,"Madsen, Mark",Mark Madsen,0,2000,2008,mark_madsen,0,Y
1894,"Maggette, Corey",Corey Maggette,0,1999,2012,corey_maggette,0,Y
2048,"Magloire, Jamaal",Jamaal Magloire,0,2000,2011,jamaal_magloire,0,Y
101133,"Mahinmi, Ian",Ian Mahinmi,1,2007,2015,ian_mahinmi,1610612754,Y
203906,"Marble, Devyn",Devyn Marble,1,2014,2015,devyn_marble,1610612753,Y
950,"Marbury, Stephon",Stephon Marbury,0,1996,2008,stephon_marbury,0,Y
1890,"Marion, Shawn",Shawn Marion,0,1999,2014,shawn_marion,0,Y
1626246,"Marjanovic, Boban",Boban Marjanovic,1,2015,2015,boban_marjanovic,1610612759,Y
1752,"Marks, Sean",Sean Marks,0,1998,2010,sean_marks,0,Y
923,"Marshall, Donyell",Donyell Marshall,0,1994,2008,donyell_marshall,0,Y
203088,"Marshall, Kendall",Kendall Marshall,1,2012,2015,kendall_marshall,1610612755,Y
201858,"Martin, Cartier",Cartier Martin,0,2008,2014,cartier_martin,0,Y
239,"Martin, Darrick",Darrick Martin,0,1994,2007,darrick_martin,0,Y
1626185,"Martin, Jarell",Jarell Martin,1,2015,2015,jarell_martin,1610612763,Y
2030,"Martin, Kenyon",Kenyon Martin,0,2000,2014,kenyon_martin,0,Y
2755,"Martin, Kevin",Kevin Martin,1,2004,2015,kevin_martin,1610612759,Y
2046,"Mason, Desmond",Desmond Mason,0,2000,2009,desmond_mason,0,Y
2427,"Mason Jr., Roger",Roger Mason Jr.,0,2002,2013,roger_mason-jr,0,Y
202083,"Matthews, Wesley",Wesley Matthews,1,2009,2015,wesley_matthews,1610612742,Y
101131,"Maxiell, Jason",Jason Maxiell,0,2005,2014,jason_maxiell,0,Y
101118,"May, Sean",Sean May,0,2005,2009,sean_may,0,Y
201953,"Maynor, Eric",Eric Maynor,0,2009,2013,eric_maynor,0,Y
201564,"Mayo, O.J.",O.J. Mayo,1,2008,2015,oj_mayo,1610612749,Y
201601,"Mbah a Moute, Luc",Luc Mbah a Moute,1,2008,2015,luc_mbah_a_moute,1610612746,Y
2788,"Mbenga, DJ",DJ Mbenga,0,2004,2010,dj_mbenga,0,Y
203949,"McAdoo, James Michael",James Michael McAdoo,1,2014,2015,james_michael_mcadoo,1610612744,Y
203492,"McCallum, Ray",Ray McCallum,0,2013,2015,ray_mccallum,0,Y
101119,"McCants, Rashad",Rashad McCants,0,2005,2008,rashad_mccants,0,Y
203468,"McCollum, CJ",CJ McCollum,1,2013,2015,cj_mccollum,1610612757,Y
204456,"McConnell, TJ",TJ McConnell,1,2015,2015,tj_mcconnell,1610612755,Y
1741,"McCoy, Jelani",Jelani McCoy,0,1998,2007,jelani_mccoy,0,Y
1626191,"McCullough, Chris",Chris McCullough,1,2015,2015,chris_mccullough,1610612751,Y
203909,"McDaniels, KJ",KJ McDaniels,1,2014,2015,kj_mcdaniels,1610612745,Y
203926,"McDermott, Doug",Doug McDermott,1,2014,2015,doug_mcdermott,1610612741,Y
686,"McDyess, Antonio",Antonio McDyess,0,1995,2010,antonio_mcdyess,0,Y
203956,"McGary, Mitch",Mitch McGary,1,2014,2015,mitch_mcgary,1610612760,Y
201580,"McGee, JaVale",JaVale McGee,1,2008,2015,javale_mcgee,1610612742,Y
1503,"McGrady, Tracy",Tracy McGrady,0,1997,2012,tracy_mcgrady,0,Y
201187,"McGuire, Dominic",Dominic McGuire,0,2007,2012,dominic_mcguire,0,Y
976,"McInnis, Jeff",Jeff McInnis,0,1996,2007,jeff_mcinnis,0,Y
203463,"McLemore, Ben",Ben McLemore,1,2013,2015,ben_mclemore,1610612758,Y
202077,"McNeal, Jerel",Jerel McNeal,0,2012,2014,jerel_mcneal,0,Y
203895,"McRae, Jordan",Jordan McRae,1,2015,2015,jordan_mcrae,1610612739,Y
201177,"McRoberts, Josh",Josh McRoberts,1,2007,2015,josh_mcroberts,1610612748,Y
201975,"Meeks, Jodie",Jodie Meeks,1,2009,2015,jodie_meeks,1610612765,Y
1626257,"Mejri, Salah",Salah Mejri,1,2015,2015,salah_mejri,1610612742,Y
203539,"Mekel, Gal",Gal Mekel,0,2013,2014,gal_mekel,0,Y
203097,"Melo, Fab",Fab Melo,0,2012,2012,fab_melo,0,Y
200822,"Mensah-Bonsu, Pops",Pops Mensah-Bonsu,0,2006,2010,pops_mensah-bonsu,0,Y
1626175,"Mickey, Jordan",Jordan Mickey,1,2015,2015,jordan_mickey,1610612738,Y
203114,"Middleton, Khris",Khris Middleton,1,2012,2015,khris_middleton,1610612749,Y
2036,"Mihm, Chris",Chris Mihm,0,2000,2008,chris_mihm,0,Y
101139,"Miles, CJ",CJ Miles,1,2005,2015,cj_miles,1610612754,Y
2032,"Miles, Darius",Darius Miles,0,2000,2008,darius_miles,0,Y
2545,"Milicic, Darko",Darko Milicic,0,2003,2012,darko_milicic,0,Y
1889,"Miller, Andre",Andre Miller,1,1999,2015,andre_miller,1610612759,Y
1802,"Miller, Brad",Brad Miller,0,1998,2011,brad_miller,0,Y
203121,"Miller, Darius",Darius Miller,0,2012,2014,darius_miller,0,Y
2034,"Miller, Mike",Mike Miller,1,2000,2015,mike_miller,1610612743,Y
203113,"Miller, Quincy",Quincy Miller,0,2012,2014,quincy_miller,0,Y
201988,"Mills, Patty",Patty Mills,1,2009,2015,patrick_mills,1610612759,Y
202407,"Millsap, Elijah",Elijah Millsap,0,2014,2015,elijah_millsap,0,Y
200794,"Millsap, Paul",Paul Millsap,1,2006,2015,paul_millsap,1610612737,Y
202703,"Mirotic, Nikola",Nikola Mirotic,1,2014,2015,nikola_mirotic,1610612741,Y
203183,"Mitchell, Tony",Tony Mitchell,0,2013,2013,tony_mitchell,0,Y
203502,"Mitchell, Tony",Tony Mitchell,0,2013,2013,tony_l_mitchell,0,Y
1749,"Mobley, Cuttino",Cuttino Mobley,0,1998,2008,cuttino_mobley,0,Y
1737,"Mohammed, Nazr",Nazr Mohammed,1,1998,2015,nazr_mohammed,1610612760,Y
202328,"Monroe, Greg",Greg Monroe,1,2010,2015,greg_monroe,1610612749,Y
1626242,"Montero, Luis",Luis Montero,1,2015,2015,luis_montero,1610612757,Y
200081,"Moon, Jamario",Jamario Moon,0,2007,2011,jamario_moon,0,Y
202734,"Moore, E'Twaun",E'Twaun Moore,1,2011,2015,etwaun_moore,1610612741,Y
1630,"Moore, Mikki",Mikki Moore,0,1998,2011,mikki_moore,0,Y
203961,"Moreland, Eric",Eric Moreland,1,2014,2015,eric_moreland,1610612758,Y
202721,"Morris, Darius",Darius Morris,0,2011,2014,darius_morris,0,Y
202694,"Morris, Marcus",Marcus Morris,1,2011,2015,marcus_morris,1610612765,Y
202693,"Morris, Markieff",Markieff Morris,1,2011,2015,markieff_morris,1610612764,Y
201043,"Morris, Randolph",Randolph Morris,0,2006,2009,randolph_morris,0,Y
200747,"Morrison, Adam",Adam Morrison,0,2006,2009,adam_morrison,0,Y
201627,"Morrow, Anthony",Anthony Morrow,1,2008,2015,anthony_morrow,1610612760,Y
202700,"Motiejunas, Donatas",Donatas Motiejunas,1,2012,2015,donatas_motiejunas,1610612745,Y
203102,"Moultrie, Arnett",Arnett Moultrie,0,2012,2013,arnett_moultrie,0,Y
297,"Mourning, Alonzo",Alonzo Mourning,0,1992,2007,alonzo_mourning,0,Y
202389,"Mozgov, Timofey",Timofey Mozgov,1,2010,2015,timofey_mozgov,1610612739,Y
1626144,"Mudiay, Emmanuel",Emmanuel Mudiay,1,2015,2015,emmanuel_mudiay,1610612743,Y
203498,"Muhammad, Shabazz",Shabazz Muhammad,1,2013,2015,shabazz_muhammad,1610612750,Y
201957,"Mullens, Byron",Byron Mullens,0,2009,2013,byron_mullens,0,Y
204098,"Munford, Xavier",Xavier Munford,1,2015,2015,xavier_munford,1610612763,Y
203513,"Murphy, Erik",Erik Murphy,0,2013,2013,erik_murphy,0,Y
203122,"Murphy, Kevin",Kevin Murphy,0,2012,2012,kevin_murphy,0,Y
2211,"Murphy, Troy",Troy Murphy,0,2001,2012,troy_murphy,0,Y
2436,"Murray, Ronald",Ronald Murray,0,2002,2009,ronald_murray,0,Y
203315,"Murry, Toure",Toure Murry,0,2013,2014,toure_murry,0,Y
203488,"Muscala, Mike",Mike Muscala,1,2013,2015,mike_muscala,1610612737,Y
87,"Mutombo, Dikembe",Dikembe Mutombo,0,1991,2008,dikembe_mutombo,0,Y
2411,"Nachbar, Bostjan",Bostjan Nachbar,0,2002,2007,bostjan_nachbar,0,Y
2059,"Najera, Eduardo",Eduardo Najera,0,2000,2011,eduardo_najera,0,Y
1626204,"Nance Jr., Larry",Larry Nance Jr.,1,2015,2015,larry_nance,1610612747,Y
203894,"Napier, Shabazz",Shabazz Napier,1,2014,2015,shabazz_napier,1610612753,Y
959,"Nash, Steve",Steve Nash,0,1996,2013,steve_nash,0,Y
2434,"Navarro, Juan Carlos",Juan Carlos Navarro,0,2007,2007,europelive,0,Y
202380,"Ndiaye, Hamady",Hamady Ndiaye,0,2010,2013,hamady_ndiaye,0,Y
202390,"Neal, Gary",Gary Neal,0,2010,2015,gary_neal,0,Y
203517,"Nedovic, Nemanja",Nemanja Nedovic,0,2013,2013,nemanja_nedovic,0,Y
201634,"Nelson, DeMarcus",DeMarcus Nelson,0,2008,2008,demarcus_nelson,0,Y
2749,"Nelson, Jameer",Jameer Nelson,1,2004,2015,jameer_nelson,1610612743,Y
1725,"Nesterovic, Rasho",Rasho Nesterovic,0,1998,2009,radoslav_nesterovic,0,Y
203526,"Neto, Raul",Raul Neto,1,2015,2015,raulzinho_neto,1610612762,Y
1956,"Newble, Ira",Ira Newble,0,2000,2007,ira_newble,0,Y
201193,"Nichols, Demetris",Demetris Nichols,0,2007,2008,demetris_nichols,0,Y
203094,"Nicholson, Andrew",Andrew Nicholson,1,2012,2015,andrew_nicholson,1610612753,Y
201149,"Noah, Joakim",Joakim Noah,1,2007,2015,joakim_noah,1610612741,Y
2804,"Nocioni, Andres",Andres Nocioni,0,2004,2011,andres_nocioni,0,Y
203457,"Noel, Nerlens",Nerlens Noel,1,2013,2015,nerlens_noel,1610612755,Y
203512,"Nogueira, Lucas",Lucas Nogueira,1,2014,2015,lucas_nogueira,1610612761,Y
200779,"Novak, Steve",Steve Novak,1,2006,2015,steve_novak,1610612749,Y
1717,"Nowitzki, Dirk",Dirk Nowitzki,1,1998,2015,dirk_nowitzki,1610612742,Y
203263,"Nunnally, James",James Nunnally,0,2013,2013,james_nunnally,0,Y
203994,"Nurkic, Jusuf",Jusuf Nurkic,1,2014,2015,jusuf_nurkic,1610612743,Y
1626266,"O'Brien, J.J.",J.J. O'Brien,0,2015,2015,jj_obrien,0,Y
203948,"O'Bryant, Johnny",Johnny O'Bryant,1,2014,2015,johnny_obryant,1610612749,Y
200753,"O'Bryant, Patrick",Patrick O'Bryant,0,2006,2009,patrick_obryant,0,Y
979,"O'Neal, Jermaine",Jermaine O'Neal,0,1996,2013,jermaine_oneal,0,Y
406,"O'Neal, Shaquille",Shaquille O'Neal,0,1992,2010,shaquille_oneal,0,Y
203124,"O'Quinn, Kyle",Kyle O'Quinn,1,2012,2015,kyle_oquinn,1610612752,Y
101177,"Oberto, Fabricio",Fabricio Oberto,0,2005,2010,fabricio_oberto,0,Y
201141,"Oden, Greg",Greg Oden,0,2007,2013,greg_oden,0,Y
1885,"Odom, Lamar",Lamar Odom,0,1999,2013,lamar_odom,0,Y
203317,"Ohlbrecht, Tim",Tim Ohlbrecht,0,2012,2012,tim_ohlbrecht,0,Y
2731,"Okafor, Emeka",Emeka Okafor,0,2004,2013,emeka_okafor,0,Y
1626143,"Okafor, Jahlil",Jahlil Okafor,1,2015,2015,jahlil_okafor,1610612755,Y
2246,"Okur, Mehmet",Mehmet Okur,0,2002,2011,mehmet_okur,0,Y
203506,"Oladipo, Victor",Victor Oladipo,1,2013,2015,victor_oladipo,1610612753,Y
1563,"Ollie, Kevin",Kevin Ollie,0,1997,2009,kevin_ollie,0,Y
203482,"Olynyk, Kelly",Kelly Olynyk,1,2013,2015,kelly_olynyk,1610612738,Y
202620,"Onuaku, Arinze",Arinze Onuaku,0,2013,2014,arinze_onuaku,0,Y
202350,"Orton, Daniel",Daniel Orton,0,2010,2013,daniel_orton,0,Y
1626162,"Oubre, Kelly",Kelly Oubre,1,2015,2015,kelly_oubre,1610612764,Y
448,"Outlaw, Bo",Bo Outlaw,0,1993,2007,bo_outlaw,0,Y
2566,"Outlaw, Travis",Travis Outlaw,0,2003,2013,travis_outlaw,0,Y
101261,"Owens, Andre",Andre Owens,0,2005,2007,andre_owens,0,Y
202082,"Owens, Larry",Larry Owens,0,2010,2011,larry_owens,0,Y
2585,"Pachulia, Zaza",Zaza Pachulia,1,2003,2015,zaza_pachulia,1610612742,Y
203123,"Papanikolaou, Kostas",Kostas Papanikolaou,0,2014,2015,kostas_papanikolaou,0,Y
2457,"Pargo, Jannero",Jannero Pargo,0,2002,2014,jannero_pargo,0,Y
202951,"Pargo, Jeremy",Jeremy Pargo,0,2011,2012,jeremy_pargo,0,Y
1515,"Parker, Anthony",Anthony Parker,0,1997,2011,anthony_parker,0,Y
203953,"Parker, Jabari",Jabari Parker,1,2014,2015,jabari_parker,1610612749,Y
2470,"Parker, Smush",Smush Parker,0,2002,2007,smush_parker,0,Y
2225,"Parker, Tony",Tony Parker,1,2001,2015,tony_parker,1610612759,Y
202718,"Parsons, Chandler",Chandler Parsons,1,2011,2015,chandler_parsons,1610612742,Y
203934,"Patterson, Lamar",Lamar Patterson,1,2015,2015,lamar_patterson,1610612737,Y
202335,"Patterson, Patrick",Patrick Patterson,1,2010,2015,patrick_patterson,1610612761,Y
1739,"Patterson, Ruben",Ruben Patterson,0,1998,2007,ruben_patterson,0,Y
101108,"Paul, Chris",Chris Paul,1,2005,2015,chris_paul,1610612746,Y
2562,"Pavlovic, Sasha",Sasha Pavlovic,0,2003,2012,aleksandar_pavlovic,0,Y
203940,"Payne, Adreian",Adreian Payne,1,2014,2015,adreian_payne,1610612750,Y
1626166,"Payne, Cameron",Cameron Payne,1,2015,2015,cameron_payne,1610612760,Y
203901,"Payton, Elfrid",Elfrid Payton,1,2014,2015,elfrid_payton,1610612753,Y
200762,"Pecherov, Oleksiy",Oleksiy Pecherov,0,2007,2009,oleksiy_pecherov,0,Y
201593,"Pekovic, Nikola",Nikola Pekovic,1,2010,2015,nikola_pekovic,1610612750,Y
2570,"Perkins, Kendrick",Kendrick Perkins,1,2003,2015,kendrick_perkins,1610612740,Y
200785,"Perovic, Kosta",Kosta Perovic,0,2007,2007,kosta_perovic,0,Y
2050,"Peterson, Morris",Morris Peterson,0,2000,2010,morris_peterson,0,Y
101130,"Petro, Johan",Johan Petro,0,2005,2012,johan_petro,0,Y
15,"Piatkowski, Eric",Eric Piatkowski,0,1994,2007,eric_piatkowski,0,Y
1718,"Pierce, Paul",Paul Pierce,1,1998,2015,paul_pierce,1610612746,Y
2554,"Pietrus, Mickael",Mickael Pietrus,0,2003,2012,mickael_pietrus,0,Y
202354,"Pittman, Dexter",Dexter Pittman,0,2010,2013,dexter_pittman,0,Y
202353,"Pleiss, Tibor",Tibor Pleiss,1,2015,2015,tibor_pleiss,1610612762,Y
203486,"Plumlee, Mason",Mason Plumlee,1,2013,2015,mason_plumlee,1610612757,Y
203101,"Plumlee, Miles",Miles Plumlee,1,2012,2015,miles_plumlee,1610612749,Y
1513,"Pollard, Scot",Scot Pollard,0,1997,2007,scot_pollard,0,Y
202347,"Pondexter, Quincy",Quincy Pondexter,1,2010,2015,quincy_pondexter,1610612740,Y
203490,"Porter, Otto",Otto Porter,1,2013,2015,otto_porter,1610612764,Y
1626171,"Portis, Bobby",Bobby Portis,1,2015,2015,bobby_portis,1610612741,Y
204001,"Porzingis, Kristaps",Kristaps Porzingis,1,2015,2015,kristaps_porzingis,1610612752,Y
1899,"Posey, James",James Posey,0,1999,2010,james_posey,0,Y
200796,"Powe, Leon",Leon Powe,0,2006,2010,leon_powe,0,Y
203939,"Powell, Dwight",Dwight Powell,1,2014,2015,dwight_powell,1610612742,Y
2694,"Powell, Josh",Josh Powell,0,2005,2013,josh_powell,0,Y
2867,"Powell, Kasib",Kasib Powell,0,2007,2007,kasib_powell,0,Y
1626181,"Powell, Norman",Norman Powell,1,2015,2015,norman_powell,1610612761,Y
203515,"Pressey, Phil",Phil Pressey,0,2013,2015,phil_pressey,0,Y
201985,"Price, A.J.",A.J. Price,0,2009,2014,aj_price,0,Y
101179,"Price, Ronnie",Ronnie Price,1,2005,2015,ronnie_price,1610612756,Y
203143,"Prigioni, Pablo",Pablo Prigioni,1,2012,2015,pablo_prigioni,1610612746,Y
2419,"Prince, Tayshaun",Tayshaun Prince,1,2002,2015,tayshaun_prince,1610612750,Y
201172,"Pruitt, Gabe",Gabe Pruitt,0,2007,2008,gabe_pruitt,0,Y
2038,"Przybilla, Joel",Joel Przybilla,0,2000,2012,joel_przybilla,0,Y
200809,"Quinn, Chris",Chris Quinn,0,2006,2012,chris_quinn,0,Y
2209,"Radmanovic, Vladimir",Vladimir Radmanovic,0,2001,2012,vladimir_radmanovic,0,Y
203545,"Raduljica, Miroslav",Miroslav Raduljica,0,2013,2014,miroslav_raduljica,0,Y
203944,"Randle, Julius",Julius Randle,1,2014,2015,julius_randle,1610612747,Y
201576,"Randolph, Anthony",Anthony Randolph,0,2008,2013,anthony_randolph,0,Y
101183,"Randolph, Shavlik",Shavlik Randolph,0,2005,2014,shavlik_randolph,0,Y
2216,"Randolph, Zach",Zach Randolph,1,2001,2015,zach_randolph,1610612763,Y
689,"Ratliff, Theo",Theo Ratliff,0,1995,2010,theo_ratliff,0,Y
202360,"Rautins, Andy",Andy Rautins,0,2010,2010,andy_rautins,0,Y
2072,"Redd, Michael",Michael Redd,0,2000,2011,michael_redd,0,Y
200755,"Redick, JJ",JJ Redick,1,2006,2015,jj_redick,1610612746,Y
203186,"Reed, Willie",Willie Reed,1,2012,2015,willie_reed,1610612751,Y
202385,"Reid, Ryan",Ryan Reid,0,2011,2011,ryan_reid,0,Y
203318,"Rice Jr., Glen",Glen Rice Jr.,0,2013,2014,glen_rice_jr,0,Y
201181,"Richard, Chris",Chris Richard,0,2007,2009,chris_richard,0,Y
2202,"Richardson, Jason",Jason Richardson,0,2001,2014,jason_richardson,0,Y
200978,"Richardson, Jeremy",Jeremy Richardson,0,2006,2008,jeremy_richardson,0,Y
1626196,"Richardson, Josh",Josh Richardson,1,2015,2015,josh_richardson,1610612748,Y
2047,"Richardson, Quentin",Quentin Richardson,0,2000,2012,quentin_richardson,0,Y
2557,"Ridnour, Luke",Luke Ridnour,0,2003,2014,luke_ridnour,0,Y
203085,"Rivers, Austin",Austin Rivers,1,2012,2015,austin_rivers,1610612746,Y
203460,"Roberson, Andre",Andre Roberson,1,2013,2015,andre_roberson,1610612760,Y
101194,"Roberson, Anthony",Anthony Roberson,0,2005,2008,anthony_roberson,0,Y
203148,"Roberts, Brian",Brian Roberts,1,2012,2015,brian_roberts,1610612757,Y
203922,"Robinson, Glenn",Glenn Robinson,1,2014,2015,glenn_robinson_iii,1610612754,Y
101126,"Robinson, Nate",Nate Robinson,0,2005,2015,nate_robinson,0,Y
203080,"Robinson, Thomas",Thomas Robinson,1,2012,2015,thomas_robinson,1610612751,Y
200771,"Rodriguez, Sergio",Sergio Rodriguez,0,2006,2009,sergio_rodriguez,0,Y
202375,"Rolle, Magnum",Magnum Rolle,0,2010,2010,magnum_rolle,0,Y
200765,"Rondo, Rajon",Rajon Rondo,1,2006,2015,rajon_rondo,1610612758,Y
201565,"Rose, Derrick",Derrick Rose,1,2008,2015,derrick_rose,1610612741,Y
990,"Rose, Malik",Malik Rose,0,1996,2008,malik_rose,0,Y
2624,"Ross, Quinton",Quinton Ross,0,2004,2010,quinton_ross,0,Y
203082,"Ross, Terrence",Terrence Ross,1,2012,2015,terrence_ross,1610612761,Y
200750,"Roy, Brandon",Brandon Roy,0,2006,2012,brandon_roy,0,Y
1626179,"Rozier, Terry",Terry Rozier,1,2015,2015,terry_rozier,1610612738,Y
201937,"Rubio, Ricky",Ricky Rubio,1,2011,2015,ricky_rubio,1610612750,Y
204014,"Rudez, Damjan",Damjan Rudez,1,2014,2015,damjan_rudez,1610612750,Y
1913,"Ruffin, Michael",Michael Ruffin,0,1999,2008,michael_ruffin,0,Y
201575,"Rush, Brandon",Brandon Rush,1,2008,2015,brandon_rush,1610612744,Y
2416,"Rush, Kareem",Kareem Rush,0,2002,2009,kareem_rush,0,Y
1626156,"Russell, D'Angelo",D'Angelo Russell,1,2015,2015,dangelo_russell,1610612747,Y
201041,"Russell, Walker",Walker Russell,0,2011,2011,walker_russell,0,Y
203135,"Sacre, Robert",Robert Sacre,1,2012,2015,robert_sacre,1610612747,Y
2422,"Salmons, John",John Salmons,0,2002,2014,john_salmons,0,Y
200798,"Samb, Cheikh",Cheikh Samb,0,2007,2008,cheikh_samb,0,Y
203960,"Sampson, JaKarr",JaKarr Sampson,1,2014,2015,jakarr_sampson,1610612743,Y
202396,"Samuels, Samardo",Samardo Samuels,0,2010,2012,samardo_samuels,0,Y
202336,"Sanders, Larry",Larry Sanders,0,2010,2014,larry_sanders,0,Y
2243,"Scalabrine, Brian",Brian Scalabrine,0,2001,2011,brian_scalabrine,0,Y
203471,"Schroder, Dennis",Dennis Schroder,1,2013,2015,dennis_schroder,1610612737,Y
2449,"Scola, Luis",Luis Scola,1,2007,2015,luis_scola,1610612761,Y
203118,"Scott, Mike",Mike Scott,1,2012,2015,mike_scott,1610612737,Y
200757,"Sefolosha, Thabo",Thabo Sefolosha,1,2006,2015,thabo_sefolosha,1610612737,Y
202729,"Selby, Josh",Josh Selby,0,2011,2012,josh_selby,0,Y
200754,"Sene, Mouhamed",Mouhamed Sene,0,2006,2008,mouhamed_sene,0,Y
202338,"Seraphin, Kevin",Kevin Seraphin,1,2010,2015,kevin_seraphin,1610612752,Y
201196,"Sessions, Ramon",Ramon Sessions,1,2007,2015,ramon_sessions,1610612764,Y
201203,"Shakur, Mustafa",Mustafa Shakur,0,2009,2013,mustafa_shakur,0,Y
201594,"Sharpe, Walter",Walter Sharpe,0,2008,2008,walter_sharpe,0,Y
203129,"Shengelia, Tornike",Tornike Shengelia,0,2012,2013,tornike_shengelia,0,Y
202697,"Shumpert, Iman",Iman Shumpert,1,2011,2015,iman_shumpert,1610612739,Y
203144,"Shved, Alexey",Alexey Shved,0,2012,2014,alexey_shved,0,Y
202918,"Silas, Xavier",Xavier Silas,0,2011,2011,xavier_silas,0,Y
202081,"Siler, Garret",Garret Siler,0,2010,2010,garret_siler,0,Y
2250,"Simmons, Bobby",Bobby Simmons,0,2001,2011,bobby_simmons,0,Y
200759,"Simmons, Cedric",Cedric Simmons,0,2006,2008,cedric_simmons,0,Y
203613,"Simmons, Jonathon",Jonathon Simmons,1,2015,2015,jonathon_simmons,1610612759,Y
202067,"Simpson, Diamon",Diamon Simpson,0,2011,2011,diamon_simpson,0,N
201235,"Sims, Courtney",Courtney Sims,0,2007,2008,courtney_sims,0,Y
203156,"Sims, Henry",Henry Sims,1,2012,2015,henry_sims,1610612751,Y
202713,"Singler, Kyle",Kyle Singler,1,2012,2015,kyle_singler,1610612760,Y
201606,"Singletary, Sean",Sean Singletary,0,2008,2008,sean_singletary,0,Y
202698,"Singleton, Chris",Chris Singleton,0,2011,2013,chris_singleton,0,Y
101189,"Singleton, James",James Singleton,0,2005,2011,james_singleton,0,Y
203491,"Siva, Peyton",Peyton Siva,0,2013,2013,peyton_siva,0,Y
1730,"Skinner, Brian",Brian Skinner,0,1998,2011,brian_skinner,0,Y
202388,"Sloan, Donald",Donald Sloan,1,2011,2015,donald_sloan,1610612751,Y
203935,"Smart, Marcus",Marcus Smart,1,2014,2015,marcus_smart,1610612738,Y
203147,"Smith, Chris",Chris Smith,0,2013,2013,chris_smith,0,Y
200783,"Smith, Craig",Craig Smith,0,2006,2011,craig_smith,0,Y
202962,"Smith, Greg",Greg Smith,1,2011,2015,greg_smith,1610612750,Y
202397,"Smith, Ish",Ish Smith,1,2010,2015,ish_smith,1610612755,Y
2747,"Smith, J.R.",J.R. Smith,1,2004,2015,jr_smith,1610612739,Y
201160,"Smith, Jason",Jason Smith,1,2007,2015,jason_smith,1610612753,Y
202536,"Smith, Jerry",Jerry Smith,0,2011,2011,jerry_smith,0,Y
693,"Smith, Joe",Joe Smith,0,1995,2010,joe_smith,0,Y
2746,"Smith, Josh",Josh Smith,1,2004,2015,josh_smith,1610612745,Y
202701,"Smith, Nolan",Nolan Smith,0,2011,2012,nolan_smith,0,Y
203893,"Smith, Russ",Russ Smith,0,2014,2015,russ_smith,0,Y
203503,"Snell, Tony",Tony Snell,1,2013,2015,tony_snell,1610612741,Y
727,"Snow, Eric",Eric Snow,0,1995,2007,eric_snow,0,Y
2745,"Snyder, Kirk",Kirk Snyder,0,2004,2007,kirk_snyder,0,Y
2226,"Solomon, Will",Will Solomon,0,2001,2008,willie_solomon,0,Y
2443,"Songaila, Darius",Darius Songaila,0,2003,2010,darius_songaila,0,Y
203480,"Southerland, James",James Southerland,0,2013,2013,james_southerland,0,Y
201578,"Speights, Marreese",Marreese Speights,1,2008,2015,marreese_speights,1610612744,Y
201168,"Splitter, Tiago",Tiago Splitter,1,2010,2015,tiago_splitter,1610612737,Y
711,"Stackhouse, Jerry",Jerry Stackhouse,0,1995,2012,jerry_stackhouse,0,Y
203917,"Stauskas, Nik",Nik Stauskas,1,2014,2015,nik_stauskas,1610612755,Y
203474,"Stephens, DJ",DJ Stephens,0,2013,2013,dj_stephens,0,Y
202362,"Stephenson, Lance",Lance Stephenson,1,2010,2015,lance_stephenson,1610612763,Y
1627293,"Stepheson, Alex",Alex Stepheson,0,2015,2015,alex_stepheson,0,Y
2052,"Stevenson, DeShawn",DeShawn Stevenson,0,2000,2012,deshawn_stevenson,0,Y
201880,"Stiemsma, Greg",Greg Stiemsma,0,2009,2014,greg_stiemsma,0,Y
204065,"Stockton, David",David Stockton,0,2014,2014,david_stockton,0,Y
978,"Stojakovic, Peja",Peja Stojakovic,0,1998,2010,predrag_stojakovic,0,Y
203950,"Stokes, Jarnell",Jarnell Stokes,0,2014,2015,jarnell_stokes,0,Y
202933,"Stone, Julyan",Julyan Stone,0,2011,2013,julyan_stone,0,Y
2852,"Storey, Awvee",Awvee Storey,0,2004,2007,awvee_storey,0,Y
757,"Stoudamire, Damon",Damon Stoudamire,0,1995,2007,damon_stoudamire,0,Y
101136,"Stoudamire, Salim",Salim Stoudamire,0,2005,2008,salim_stoudamire,0,Y
2405,"Stoudemire, Amar'e",Amar'e Stoudemire,1,2002,2015,amare_stoudemire,1610612748,Y
201199,"Strawberry, DJ",DJ Strawberry,0,2007,2007,dj_strawberry,0,Y
201155,"Stuckey, Rodney",Rodney Stuckey,1,2007,2015,rodney_stuckey,1610612754,Y
203096,"Sullinger, Jared",Jared Sullinger,1,2012,2015,jared_sullinger,1610612738,Y
201969,"Summers, DaJuan",DaJuan Summers,0,2009,2012,dajuan_summers,0,Y
2741,"Swift, Robert",Robert Swift,0,2004,2008,robert_swift,0,Y
2031,"Swift, Stromile",Stromile Swift,0,2000,2008,stromile_swift,0,Y
202377,"Sy, Pape",Pape Sy,0,2010,2010,pape_sy,0,Y
1887,"Szczerbiak, Wally",Wally Szczerbiak,0,1999,2008,wally_szczerbiak,0,Y
204002,"Tavares, Walter",Walter Tavares,1,2015,2015,walter_tavares,1610612737,Y
203106,"Taylor, Jeff",Jeff Taylor,0,2012,2014,jeff_taylor,0,Y
201966,"Taylor, Jermaine",Jermaine Taylor,0,2009,2010,jermaine_taylor,0,Y
201446,"Taylor, Mike",Mike Taylor,0,2008,2008,mike_taylor,0,Y
203116,"Taylor, Tyshawn",Tyshawn Taylor,0,2012,2013,tyshawn_taylor,0,Y
201952,"Teague, Jeff",Jeff Teague,1,2009,2015,jeff_teague,1610612737,Y
203104,"Teague, Marquis",Marquis Teague,0,2012,2013,marquis_teague,0,Y
203141,"Teletovic, Mirza",Mirza Teletovic,1,2012,2015,mirza_teletovic,1610612756,Y
2742,"Telfair, Sebastian",Sebastian Telfair,0,2004,2014,sebastian_telfair,0,Y
202066,"Temple, Garrett",Garrett Temple,1,2009,2015,garrett_temple,1610612764,Y
1891,"Terry, Jason",Jason Terry,1,1999,2015,jason_terry,1610612745,Y
201934,"Thabeet, Hasheem",Hasheem Thabeet,0,2009,2013,hasheem_thabeet,0,Y
203519,"Thomas, Adonis",Adonis Thomas,0,2013,2013,adonis_thomas,0,Y
2873,"Thomas, Billy",Billy Thomas,0,2004,2007,billy_thomas,0,Y
2041,"Thomas, Etan",Etan Thomas,0,2001,2010,etan_thomas,0,Y
202738,"Thomas, Isaiah",Isaiah Thomas,1,2011,2015,isaiah_thomas,1610612738,Y
1903,"Thomas, Kenny",Kenny Thomas,0,1999,2009,kenny_thomas,0,Y
703,"Thomas, Kurt",Kurt Thomas,0,1995,2012,kurt_thomas,0,Y
202498,"Thomas, Lance",Lance Thomas,1,2011,2015,lance_thomas,1610612752,Y
202952,"Thomas, Malcolm",Malcolm Thomas,0,2011,2014,malcolm_thomas,0,Y
1501,"Thomas, Tim",Tim Thomas,0,1997,2009,tim_thomas,0,Y
200748,"Thomas, Tyrus",Tyrus Thomas,0,2006,2014,tyrus_thomas,0,Y
202717,"Thompkins, Trey",Trey Thompkins,0,2011,2011,trey_thompkins,0,Y
203138,"Thompson, Hollis",Hollis Thompson,1,2013,2015,hollis_thompson,1610612755,Y
201574,"Thompson, Jason",Jason Thompson,1,2008,2015,jason_thompson,1610612761,Y
202691,"Thompson, Klay",Klay Thompson,1,2011,2015,klay_thompson,1610612744,Y
202814,"Thompson, Mychel",Mychel Thompson,0,2011,2011,mychel_thompson,0,Y
202684,"Thompson, Tristan",Tristan Thompson,1,2011,2015,tristan_t_thompson,1610612739,Y
201154,"Thornton, Al",Al Thornton,0,2007,2010,al_thornton,0,Y
201977,"Thornton, Marcus",Marcus Thornton,1,2009,2015,marcus_t_thornton,1610612764,Y
2224,"Tinsley, Jamaal",Jamaal Tinsley,0,2001,2013,jamaal_tinsley,0,Y
201229,"Tolliver, Anthony",Anthony Tolliver,1,2008,2015,anthony_tolliver,1610612765,Y
1626253,"Toupane, Axel",Axel Toupane,1,2015,2015,axel_toupane,1610612743,Y
1626157,"Towns, Karl-Anthony",Karl-Anthony Towns,1,2015,2015,karl-anthony_towns,1610612750,Y
201169,"Tucker, Alando",Alando Tucker,0,2007,2009,alando_tucker,0,Y
200782,"Tucker, PJ",PJ Tucker,1,2006,2015,pj_tucker,1610612756,Y
101142,"Turiaf, Ronny",Ronny Turiaf,0,2005,2014,ronny_turiaf,0,Y
2045,"Turkoglu, Hedo",Hedo Turkoglu,0,2000,2014,hidayet_turkoglu,0,Y
202323,"Turner, Evan",Evan Turner,1,2010,2015,evan_turner,1610612738,Y
1626167,"Turner, Myles",Myles Turner,1,2015,2015,myles_turner,1610612754,Y
202719,"Tyler, Jeremy",Jeremy Tyler,0,2011,2013,jeremy_tyler,0,Y
202775,"Ubiles, Edwin",Edwin Ubiles,0,2011,2011,edwin_ubiles,0,Y
202327,"Udoh, Ekpe",Ekpe Udoh,0,2010,2014,ekpe_udoh,0,Y
2137,"Udoka, Ime",Ime Udoka,0,2003,2010,ime_udoka,0,Y
2757,"Udrih, Beno",Beno Udrih,0,2004,2015,beno_udrih,0,Y
101146,"Ukic, Roko Leni",Roko Leni Ukic,0,2008,2009,roko_ukic,0,Y
202386,"Uzoh, Ben",Ben Uzoh,0,2010,2011,ben_uzoh,0,Y
201987,"Vaden, Robert",Robert Vaden,0,2010,2010,robert_vaden,0,N
202685,"Valanciunas, Jonas",Jonas Valanciunas,1,2012,2015,jonas_valanciunas,1610612761,Y
2760,"Varejao, Anderson",Anderson Varejao,1,2004,2015,anderson_varejao,1610612744,Y
202363,"Varnado, Jarvis",Jarvis Varnado,0,2012,2013,jarvis_varnado,0,Y
202349,"Vasquez, Greivis",Greivis Vasquez,1,2010,2015,greivis_vasquez,1610612749,Y
1521,"Vaughn, Jacque",Jacque Vaughn,0,1997,2008,jacque_vaughn,0,Y
1626173,"Vaughn, Rashad",Rashad Vaughn,1,2015,2015,rashad_vaughn,1610612749,Y
202686,"Vesely, Jan",Jan Vesely,0,2011,2013,jan_vesely,0,Y
101111,"Villanueva, Charlie",Charlie Villanueva,1,2005,2015,charlie_villanueva,1610612742,Y
200790,"Vinicius, Marcus",Marcus Vinicius,0,2006,2007,marcus_vinicius,0,Y
203943,"Vonleh, Noah",Noah Vonleh,1,2014,2015,noah_vonleh,1610612757,Y
2063,"Voskuhl, Jake",Jake Voskuhl,0,2000,2008,jake_voskuhl,0,Y
202696,"Vucevic, Nikola",Nikola Vucevic,1,2011,2015,nikola_vucevic,1610612753,Y
2756,"Vujacic, Sasha",Sasha Vujacic,1,2004,2015,sasha_vujacic,1610612752,Y
2548,"Wade, Dwyane",Dwyane Wade,1,2003,2015,dwyane_wade,1610612748,Y
101144,"Wafer, Von",Von Wafer,0,2005,2011,von_wafer,0,Y
203079,"Waiters, Dion",Dion Waiters,1,2012,2015,dion_waiters,1610612760,Y
952,"Walker, Antoine",Antoine Walker,0,1996,2007,antoine_walker,0,Y
201611,"Walker, Henry",Henry Walker,0,2008,2014,henry_walker,0,Y
202689,"Walker, Kemba",Kemba Walker,1,2011,2015,kemba_walker,1610612766,Y
202322,"Wall, John",John Wall,1,2010,2015,john_wall,1610612764,Y
1112,"Wallace, Ben",Ben Wallace,0,1996,2011,ben_wallace,0,Y
2222,"Wallace, Gerald",Gerald Wallace,0,2001,2014,gerald_wallace,0,Y
739,"Wallace, Rasheed",Rasheed Wallace,0,1995,2012,rasheed_wallace,0,Y
2575,"Walton, Luke",Luke Walton,0,2003,2012,luke_walton,0,Y
203810,"Ware, Casper",Casper Ware,0,2013,2013,casper_ware,0,Y
203933,"Warren, TJ",TJ Warren,1,2014,2015,tj_warren,1610612756,Y
202378,"Warren, Willie",Willie Warren,0,2010,2010,willie_warren,0,Y
101124,"Warrick, Hakim",Hakim Warrick,0,2005,2012,hakim_warrick,0,Y
200827,"Washington, Darius",Darius Washington,0,2007,2007,darius_washington,0,Y
201208,"Watkins, Darryl",Darryl Watkins,0,2007,2011,darryl_watkins,0,Y
201228,"Watson, CJ",CJ Watson,1,2007,2015,cj_watson,1610612753,Y
2248,"Watson, Earl",Earl Watson,0,2001,2013,earl_watson,0,Y
203146,"Wayns, Maalik",Maalik Wayns,0,2012,2013,maalik_wayns,0,Y
204033,"Wear, David",David Wear,0,2014,2014,david_wear,0,Y
204037,"Wear, Travis",Travis Wear,0,2014,2014,travis_wear,0,Y
201602,"Weaver, Kyle",Kyle Weaver,0,2008,2010,kyle_weaver,0,Y
185,"Webber, Chris",Chris Webber,0,1993,2007,chris_webber,0,Y
1627362,"Weber, Briante",Briante Weber,1,2015,2015,briante_weber,1610612748,Y
101110,"Webster, Martell",Martell Webster,0,2005,2014,martell_webster,0,Y
201603,"Weems, Sonny",Sonny Weems,0,2008,2015,sonny_weems,0,Y
1719,"Wells, Bonzi",Bonzi Wells,0,1998,2007,bonzi_wells,0,Y
2561,"West, David",David West,1,2003,2015,david_west,1610612759,Y
2753,"West, Delonte",Delonte West,0,2004,2011,delonte_west,0,Y
201238,"West, Mario",Mario West,0,2007,2010,mario_west,0,Y
201566,"Westbrook, Russell",Russell Westbrook,1,2008,2015,russell_westbrook,1610612760,Y
201591,"White, DJ",DJ White,0,2008,2013,dj_white,0,Y
200778,"White, James",James White,0,2006,2012,james_white,0,Y
203091,"White, Royce",Royce White,0,2012,2013,royce_white,0,Y
202358,"White, Terrico",Terrico White,0,2010,2010,terrico_white,0,Y
202355,"Whiteside, Hassan",Hassan Whiteside,1,2010,2015,hassan_whiteside,1610612748,Y
203963,"Whittington, Shayne",Shayne Whittington,1,2014,2015,shayne_whittington,1610612754,Y
203952,"Wiggins, Andrew",Andrew Wiggins,1,2014,2015,andrew_wiggins,1610612750,Y
203912,"Wilcox, CJ",CJ Wilcox,1,2014,2015,cj_wilcox,1610612746,Y
2404,"Wilcox, Chris",Chris Wilcox,0,2002,2012,chris_wilcox,0,Y
2863,"Wilkins, Damien",Damien Wilkins,0,2004,2012,damien_wilkins,0,Y
2366,"Wilks, Mike",Mike Wilks,0,2002,2009,mike_wilks,0,Y
1425,"Williams, Aaron",Aaron Williams,0,1993,2007,aaron_williams,0,Y
1626210,"Williams, Alan",Alan Williams,1,2015,2015,alan_williams,1610612756,Y
101114,"Williams, Deron",Deron Williams,1,2005,2015,deron_williams,1610612742,Y
202682,"Williams, Derrick",Derrick Williams,1,2011,2015,derrick_williams,1610612752,Y
202343,"Williams, Elliot",Elliot Williams,0,2010,2015,elliot_williams,0,Y
1715,"Williams, Jason",Jason Williams,0,1998,2010,jason_williams,0,Y
101214,"Williams, Jawad",Jawad Williams,0,2008,2010,jawad_williams,0,Y
202716,"Williams, Jordan",Jordan Williams,0,2011,2011,jordan_williams,0,Y
200818,"Williams, Justin",Justin Williams,0,2006,2007,justin_williams,0,Y
101150,"Williams, Lou",Lou Williams,1,2005,2015,louis_williams,1610612747,Y
200766,"Williams, Marcus",Marcus Williams,0,2006,2009,marcus_williams,0,Y
201173,"Williams, Marcus",Marcus Williams,0,2007,2008,marcus_e_williams,0,Y
101107,"Williams, Marvin",Marvin Williams,1,2005,2015,marvin_williams,1610612766,Y
2590,"Williams, Mo",Mo Williams,1,2003,2015,maurice_williams,1610612739,Y
202130,"Williams, Reggie",Reggie Williams,0,2009,2014,reggie_williams,0,Y
201157,"Williams, Sean",Sean Williams,0,2007,2011,sean_williams,0,Y
200761,"Williams, Shawne",Shawne Williams,0,2006,2014,shawne_williams,0,Y
200749,"Williams, Shelden",Shelden Williams,0,2006,2011,shelden_williams,0,Y
201944,"Williams, Terrence",Terrence Williams,0,2009,2012,terrence_williams,0,Y
1626159,"Winslow, Justise",Justise Winslow,1,2015,2015,justise_winslow,1610612748,Y
203481,"Withey, Jeff",Jeff Withey,1,2013,2015,jeff_withey,1610612762,Y
203489,"Wolters, Nate",Nate Wolters,0,2013,2014,nate_wolters,0,Y
1626174,"Wood, Christian",Christian Wood,1,2015,2015,christian_wood,1610612755,Y
2254,"Woods, Loren",Loren Woods,0,2001,2007,loren_woods,0,Y
1897,"World Peace, Metta",Metta World Peace,1,1999,2015,metta_world_peace,1610612747,Y
101120,"Wright, Antoine",Antoine Wright,0,2005,2010,antoine_wright,0,Y
201148,"Wright, Brandan",Brandan Wright,1,2007,2015,brandan_wright,1610612763,Y
202874,"Wright, Chris",Chris Wright,0,2011,2013,chris_wright,0,Y
203203,"Wright, Chris",Chris Wright,0,2012,2012,chris__wright,0,Y
1626153,"Wright, Delon",Delon Wright,1,2015,2015,delon_wright,1610612761,Y
2748,"Wright, Dorell",Dorell Wright,1,2004,2015,dorell_wright,1610612748,Y
201153,"Wright, Julian",Julian Wright,0,2007,2010,julian_wright,0,Y
953,"Wright, Lorenzen",Lorenzen Wright,0,1996,2008,lorenzen_wright,0,Y
203100,"Wroten, Tony",Tony Wroten,1,2012,2015,tony_wroten,1610612752,Y
2397,Yao Ming,Yao Ming,0,2002,2011,yao_ming,0,Y
201146,Yi Jianlian,Yi Jianlian,0,2007,2011,yi_jianlian,0,Y
203923,"Young, James",James Young,1,2014,2015,james_young,1610612738,Y
1626202,"Young, Joe",Joe Young,1,2015,2015,joe_young,1610612754,Y
201156,"Young, Nick",Nick Young,1,2007,2015,nick_young,1610612747,Y
201970,"Young, Sam",Sam Young,0,2009,2012,sam_young,0,Y
201152,"Young, Thaddeus",Thaddeus Young,1,2007,2015,thaddeus_young,1610612751,Y
201180,"Yue, Sun",Sun Yue,0,2008,2008,sun_yue,0,Y
203469,"Zeller, Cody",Cody Zeller,1,2013,2015,cody_zeller,1610612766,Y
202545,"Zeller, Luke",Luke Zeller,0,2012,2012,luke_zeller,0,Y
203092,"Zeller, Tyler",Tyler Zeller,1,2012,2015,tyler_zeller,1610612738,Y
